Index,Protein ID,Gene Name,R_vs_S_log2 fold change,R_vs_S_p.val,R_vs_S_p.adj,significant,R_vs_S_significant,imputed,num_NAs
A0AVT1_C347,A0AVT1,UBA6,-1.67,1.58E-05,5.57E-05,TRUE,TRUE,FALSE,0
A6NDG6_C297,A6NDG6,PGP,1.6,8.95E-06,3.51E-05,TRUE,TRUE,FALSE,0
A6NEC2_C339,A6NEC2,NPEPPSL1,-1.49,2.71E-05,8.42E-05,TRUE,TRUE,FALSE,0
O00273_C165,O00273,DFFA,-2.38,1.92E-06,9.83E-06,TRUE,TRUE,FALSE,0
O00299_C24,O00299,CLIC1,1.12,1.34E-05,4.95E-05,TRUE,TRUE,FALSE,0
O00410_C1057,O00410,IPO5,1.1,0.00832,0.0139,TRUE,TRUE,FALSE,0
O00425_C194,O00425,IGF2BP3,-1,0.000152,0.000414,TRUE,TRUE,FALSE,0
O00483_C44,O00483,NDUFA4,1.05,0.000354,0.000848,TRUE,TRUE,FALSE,0
O14929_C101,O14929,HAT1,2.66,2.97E-08,5.37E-07,TRUE,TRUE,FALSE,0
O14980_C34,O14980,XPO1,-1.4,2.83E-05,8.70E-05,TRUE,TRUE,FALSE,0
O60664_C60,O60664,PLIN3,-1.65,5.92E-07,4.60E-06,TRUE,TRUE,FALSE,0
O75391_C191,O75391,SPAG7,2.47,1.86E-07,1.84E-06,TRUE,TRUE,FALSE,0
O75521_C380,O75521,ECI2,-3.52,2.04E-09,9.52E-08,TRUE,TRUE,FALSE,0
O75663_C87,O75663,TIPRL,2.17,9.16E-07,6.36E-06,TRUE,TRUE,FALSE,0
O75874_C269,O75874,IDH1,1.8,5.16E-06,2.27E-05,TRUE,TRUE,FALSE,0
O75940_C214,O75940,SMNDC1,1.36,2.27E-05,7.49E-05,TRUE,TRUE,FALSE,0
O95229_C54,O95229,ZWINT,1.03,0.000434,0.00102,TRUE,TRUE,FALSE,0
O95881_C66,O95881,TXNDC12,-1.03,4.92E-05,0.000143,TRUE,TRUE,FALSE,0
P00492_C106,P00492,HPRT1,-1.3,2.65E-05,8.30E-05,TRUE,TRUE,FALSE,0
P04350_C239,P04350,TUBB4A,-1.15,0.000126,0.000352,TRUE,TRUE,FALSE,0
P04843_C477,P04843,RPN1,-5.96,3.62E-10,2.95E-08,TRUE,TRUE,FALSE,0
P08133_C59,P08133,ANXA6,-1.71,3.81E-06,1.86E-05,TRUE,TRUE,FALSE,0
P09429_C23,P09429,HMGB1,2.8,1.19E-08,2.97E-07,TRUE,TRUE,FALSE,0
P10599_C73,P10599,TXN,1.1,0.000894,0.00193,TRUE,TRUE,FALSE,0
P11586_C863,P11586,MTHFD1,1.27,1.02E-05,3.93E-05,TRUE,TRUE,FALSE,0
P12268_C331,P12268,IMPDH2,2.91,1.03E-07,1.33E-06,TRUE,TRUE,FALSE,0
P12277_C283,P12277,CKB,-2.8,2.39E-08,5.06E-07,TRUE,TRUE,FALSE,0
P12532_C316,P12532,CKMT1A,-1.33,5.64E-06,2.39E-05,TRUE,TRUE,FALSE,0
P13639_C466,P13639,EEF2,-1.93,0.00021,0.000547,TRUE,TRUE,FALSE,0
P13639_C67,P13639,EEF2,2.99,2.63E-07,2.38E-06,TRUE,TRUE,FALSE,1
P13797_C104,P13797,PLS3,-7.78,1.40E-09,7.59E-08,TRUE,TRUE,FALSE,1
P13797_C33,P13797,PLS3,-1.05,0.000102,0.000286,TRUE,TRUE,FALSE,0
P14618_C424,P14618,PKM,-3.89,1.30E-08,3.02E-07,TRUE,TRUE,FALSE,0
P15121_C299,P15121,AKR1B1,-5.03,6.25E-10,4.07E-08,TRUE,TRUE,FALSE,0
P23396_C97,P23396,RPS3,1.77,3.88E-06,1.86E-05,TRUE,TRUE,FALSE,0
P23528_C139,P23528,CFL1,-2.54,2.49E-08,5.06E-07,TRUE,TRUE,FALSE,0
P24723_C399,P24723,PRKCH,1.57,8.31E-06,3.30E-05,TRUE,TRUE,FALSE,0
P26599_C23,P26599,PTBP1,1.11,0.000213,0.000551,TRUE,TRUE,FALSE,0
P26599_C250,P26599,PTBP1,1.79,1.02E-05,3.93E-05,TRUE,TRUE,FALSE,0
P30519_C265,P30519,HMOX2,-1.1,2.61E-05,8.30E-05,TRUE,TRUE,FALSE,0
P30519_C282,P30519,HMOX2,-1.36,5.55E-06,2.39E-05,TRUE,TRUE,FALSE,0
P32119_C172,P32119,PRDX2,-1.07,0.000196,0.000514,TRUE,TRUE,FALSE,0
P37802_C124,P37802,TAGLN2,-2.37,1.49E-07,1.67E-06,TRUE,TRUE,FALSE,0
P38606_C138,P38606,ATP6V1A,-1.34,1.83E-05,6.26E-05,TRUE,TRUE,FALSE,0
P42166_C330,P42166,TMPO,-1.75,4.99E-07,4.06E-06,TRUE,TRUE,FALSE,0
P49321_C254,P49321,NASP,1.5,1.93E-06,9.83E-06,TRUE,TRUE,FALSE,0
P49321_C708,P49321,NASP,3.02,1.24E-07,1.45E-06,TRUE,TRUE,FALSE,0
P49757_C611,P49757,NUMB,1.31,2.49E-05,8.05E-05,TRUE,TRUE,FALSE,0
P50990_C244,P50990,CCT8,-5.53,1.04E-10,1.13E-08,TRUE,TRUE,FALSE,0
P50991_C252,P50991,CCT4,2.47,8.81E-07,6.24E-06,TRUE,TRUE,FALSE,0
P51858_C108,P51858,HDGF,-2.11,5.04E-06,2.25E-05,TRUE,TRUE,FALSE,0
P52292_C133,P52292,KPNA2,1.9,1.11E-06,7.26E-06,TRUE,TRUE,FALSE,0
P53611_C40,P53611,RABGGTB,2.37,3.65E-07,3.18E-06,TRUE,TRUE,FALSE,0
P55060_C842,P55060,CSE1L,1.92,4.91E-06,2.22E-05,TRUE,TRUE,FALSE,0
P55735_C187,P55735,SEC13,-1.34,1.84E-05,6.26E-05,TRUE,TRUE,FALSE,0
P56277_C12,P56277,CMC4,1.38,0.00249,0.00475,TRUE,TRUE,FALSE,0
P62258_C98,P62258,YWHAE,-3.26,5.87E-09,2.13E-07,TRUE,TRUE,FALSE,0
P62760_C187,P62760,VSNL1,1.51,6.48E-06,2.66E-05,TRUE,TRUE,FALSE,0
P63208_C160,P63208,SKP1,2.5,6.48E-08,9.61E-07,TRUE,TRUE,FALSE,0
P68363_C316,P68363,TUBA1B,1.95,4.02E-07,3.36E-06,TRUE,TRUE,FALSE,0
P68363_C347,P68363,TUBA1B,2.71,7.83E-09,2.55E-07,TRUE,TRUE,FALSE,0
P68363_C376,P68363,TUBA1B,1.28,1.89E-05,6.35E-05,TRUE,TRUE,FALSE,0
P78347_C215,P78347,GTF2I,-1.37,1.54E-05,5.50E-05,TRUE,TRUE,FALSE,0
P78371_C535,P78371,CCT2,-1.24,0.00454,0.00808,TRUE,TRUE,FALSE,0
P78417_C32,P78417,GSTO1,-1.11,0.00385,0.00705,TRUE,TRUE,FALSE,0
Q00765_C18,Q00765,REEP5,1.88,1.97E-06,9.89E-06,TRUE,TRUE,FALSE,0
Q01469_C120,Q01469,FABP5,1.28,1.68E-05,5.84E-05,TRUE,TRUE,FALSE,0
Q01469_C43,Q01469,FABP5,-7.12,3.23E-11,8.07E-09,TRUE,TRUE,FALSE,0
Q04760_C61,Q04760,GLO1,1.36,0.000219,0.000558,TRUE,TRUE,FALSE,0
Q0VDG4_C143,Q0VDG4,SCRN3,-1.54,7.31E-06,2.94E-05,TRUE,TRUE,FALSE,0
Q12948_C550,Q12948,FOXC1,2.32,1.06E-07,1.33E-06,TRUE,TRUE,FALSE,0
Q13162_C51,Q13162,PRDX4,-1.51,7.15E-05,0.000204,TRUE,TRUE,FALSE,0
Q13310_C132,Q13310,PABPC4,-1.86,1.46E-06,8.82E-06,TRUE,TRUE,FALSE,0
Q13526_C113,Q13526,PIN1,1.54,3.51E-06,1.73E-05,TRUE,TRUE,FALSE,0
Q13561_C240,Q13561,DCTN2,-1.7,1.64E-06,9.08E-06,TRUE,TRUE,FALSE,0
Q14566_C301,Q14566,MCM6,-1.47,2.38E-05,7.76E-05,TRUE,TRUE,FALSE,0
Q14671_C1179,Q14671,PUM1,1.31,5.74E-05,0.000166,TRUE,TRUE,FALSE,0
Q15170_C88,Q15170,TCEAL1,-1.05,0.000289,0.000703,TRUE,TRUE,FALSE,0
Q15365_C54,Q15365,PCBP1,1.93,3.71E-07,3.18E-06,TRUE,TRUE,FALSE,0
Q15366_C54,Q15366,PCBP2,2.8,2.12E-07,1.98E-06,TRUE,TRUE,FALSE,0
Q5RKV6_C117,Q5RKV6,EXOSC6,1.65,6.53E-06,2.66E-05,TRUE,TRUE,FALSE,1
Q5U5X0_C97,Q5U5X0,LYRM7,1.51,4.30E-06,2.00E-05,TRUE,TRUE,FALSE,0
Q7KZ85_C336,Q7KZ85,SUPT6H,1.09,0.00199,0.00386,TRUE,TRUE,FALSE,0
Q7L1Q6_C96,Q7L1Q6,BZW1,1.09,0.000145,0.000399,TRUE,TRUE,FALSE,0
Q7Z6B0_C424,Q7Z6B0,CCDC91,2.55,1.01E-06,6.75E-06,TRUE,TRUE,FALSE,0
Q7Z6K5_C183,Q7Z6K5,ARPIN,-2.39,1.67E-07,1.81E-06,TRUE,TRUE,FALSE,0
Q8N5K1_C92,Q8N5K1,CISD2,1.39,1.59E-05,5.57E-05,TRUE,TRUE,FALSE,0
Q8NBS9_C350,Q8NBS9,TXNDC5,1.62,4.00E-06,1.89E-05,TRUE,TRUE,FALSE,0
Q8TEX9_C350,Q8TEX9,IPO4,-1.3,2.64E-05,8.30E-05,TRUE,TRUE,FALSE,0
Q8WZA9_C340,Q8WZA9,IRGQ,1.83,1.24E-06,7.85E-06,TRUE,TRUE,FALSE,0
Q92598_C516,Q92598,HSPH1,2.23,1.49E-06,8.82E-06,TRUE,TRUE,FALSE,0
Q92990_C218,Q92990,GLMN,1.37,4.66E-05,0.000138,TRUE,TRUE,FALSE,0
Q96B45_C28,Q96B45,BORCS7,2.25,5.87E-08,9.12E-07,TRUE,TRUE,FALSE,0
Q96DF8_C263,Q96DF8,ESS2,1.61,5.65E-06,2.39E-05,TRUE,TRUE,FALSE,0
Q96FW1_C23,Q96FW1,OTUB1,2.88,9.72E-09,2.64E-07,TRUE,TRUE,FALSE,0
Q96HE7_C166,Q96HE7,ERO1A,-1.03,0.000264,0.000662,TRUE,TRUE,FALSE,0
Q96HR3_C103,Q96HR3,MED30,-1.04,0.000944,0.002,TRUE,TRUE,FALSE,0
Q96I24_C460,Q96I24,FUBP3,1.52,4.88E-06,2.22E-05,TRUE,TRUE,FALSE,0
Q99497_C106,Q99497,PARK7,-1.8,4.58E-05,0.000137,TRUE,TRUE,FALSE,0
Q99757_C90,Q99757,TXN2,2.09,2.01E-07,1.92E-06,TRUE,TRUE,FALSE,0
Q9BQE3_C347,Q9BQE3,TUBA1C,2.35,8.03E-08,1.14E-06,TRUE,TRUE,FALSE,0
Q9BQE3_C376,Q9BQE3,TUBA1C,2.13,1.84E-07,1.84E-06,TRUE,TRUE,FALSE,0
Q9BQP7_C79,Q9BQP7,MGME1,-1.18,4.20E-05,0.000127,TRUE,TRUE,FALSE,0
Q9BRT3_C33,Q9BRT3,MIEN1,1.99,1.82E-06,9.72E-06,TRUE,TRUE,FALSE,0
Q9BTY7_C51,Q9BTY7,HGH1,2.31,6.28E-07,4.76E-06,TRUE,TRUE,FALSE,0
Q9BV57_C70,Q9BV57,ADI1,-1.94,1.82E-06,9.72E-06,TRUE,TRUE,FALSE,0
Q9BXP2_C911,Q9BXP2,SLC12A9,-2.22,1.59E-06,8.96E-06,TRUE,TRUE,FALSE,0
Q9C0C9_C370,Q9C0C9,UBE2O,2.32,1.28E-06,7.85E-06,TRUE,TRUE,FALSE,0
Q9H0R6_C512,Q9H0R6,QRSL1,2.79,6.55E-07,4.83E-06,TRUE,TRUE,FALSE,0
Q9H307_C249,Q9H307,PNN,1.02,3.25E-05,9.91E-05,TRUE,TRUE,FALSE,0
Q9H773_C162,Q9H773,DCTPP1,-1.6,6.11E-06,2.55E-05,TRUE,TRUE,FALSE,0
Q9HBM1_C27,Q9HBM1,SPC25,1.76,1.86E-06,9.78E-06,TRUE,TRUE,FALSE,0
Q9HCC0_C267,Q9HCC0,MCCC2,1.97,1.55E-06,8.88E-06,TRUE,TRUE,FALSE,0
Q9NPJ6_C162,Q9NPJ6,MED4,2.43,3.71E-08,6.37E-07,TRUE,TRUE,FALSE,0
Q9NQ88_C161,Q9NQ88,TIGAR,2.56,1.84E-07,1.84E-06,TRUE,TRUE,FALSE,0
Q9NQC3_C1101,Q9NQC3,RTN4,-1.94,0.0144,0.0219,TRUE,TRUE,FALSE,0
Q9NQR4_C153,Q9NQR4,NIT2,-1.02,0.000148,0.000406,TRUE,TRUE,FALSE,0
Q9NR33_C84,Q9NR33,POLE4,2.07,5.72E-07,4.55E-06,TRUE,TRUE,FALSE,0
Q9NRG0_C55,Q9NRG0,CHRAC1,3.09,4.98E-08,8.11E-07,TRUE,TRUE,FALSE,0
Q9NRP4_C80,Q9NRP4,SDHAF3,1.58,1.13E-05,4.22E-05,TRUE,TRUE,FALSE,0
Q9NRZ9_C836,Q9NRZ9,HELLS,-6.61,9.32E-09,2.64E-07,TRUE,TRUE,FALSE,2
Q9NVP2_C201,Q9NVP2,ASF1B,1.48,1.51E-05,5.46E-05,TRUE,TRUE,FALSE,1
Q9NX24_C18,Q9NX24,NHP2,2.06,1.50E-05,5.46E-05,TRUE,TRUE,FALSE,0
Q9NX40_C38,Q9NX40,OCIAD1,-1.15,0.000304,0.000734,TRUE,TRUE,FALSE,0
Q9NY27_C30,Q9NY27,PPP4R2,-1.32,1.04E-05,3.93E-05,TRUE,TRUE,FALSE,0
Q9NZZ3_C20,Q9NZZ3,CHMP5,1.11,0.000628,0.00142,TRUE,TRUE,FALSE,0
Q9P258_C428,Q9P258,RCC2,1.53,1.94E-05,6.44E-05,TRUE,TRUE,FALSE,0
Q9P287_C275,Q9P287,BCCIP,1.06,8.27E-05,0.000234,TRUE,TRUE,FALSE,0
Q9UBB4_C354,Q9UBB4,ATXN10,-2.05,1.19E-07,1.43E-06,TRUE,TRUE,FALSE,0
Q9UBT2_C30,Q9UBT2,UBA2,3.38,3.61E-09,1.47E-07,TRUE,TRUE,FALSE,0
Q9UHD1_C86,Q9UHD1,CHORDC1,2.04,1.54E-06,8.88E-06,TRUE,TRUE,FALSE,0
Q9UHR5_C172,Q9UHR5,SAP30BP,2.49,1.01E-07,1.33E-06,TRUE,TRUE,FALSE,0
Q9UK45_C85,Q9UK45,LSM7,-1.09,0.000178,0.000471,TRUE,TRUE,FALSE,0
Q9UL40_C68,Q9UL40,ZNF346,2.61,9.89E-07,6.72E-06,TRUE,TRUE,FALSE,0
Q9UL46_C91,Q9UL46,PSME2,1.12,0.000273,0.000675,TRUE,TRUE,FALSE,0
Q9Y3A3_C134,Q9Y3A3,MOB4,-5.09,4.95E-11,8.07E-09,TRUE,TRUE,FALSE,0
Q9Y3F4_C340,Q9Y3F4,STRAP,2.31,0.000167,0.000451,TRUE,TRUE,FALSE,0
Q9Y520_C2340,Q9Y520,PRRC2C,1.11,4.75E-05,0.000139,TRUE,TRUE,FALSE,0
Q9Y570_C381,Q9Y570,PPME1,2.6,1.26E-06,7.85E-06,TRUE,TRUE,FALSE,0
Q9Y5Q9_C607,Q9Y5Q9,GTF3C3,1.1,0.000592,0.00136,TRUE,TRUE,FALSE,0
Q9Y696_C35,Q9Y696,CLIC4,2.38,2.91E-08,5.37E-07,TRUE,TRUE,FALSE,0
Q9Y6E2_C270,Q9Y6E2,BZW2,1.86,6.67E-07,4.83E-06,TRUE,TRUE,FALSE,0
O00264_C129,O00264,PGRMC1,-0.669,0.0037,0.00682,FALSE,FALSE,FALSE,0
O14654_C1054,O14654,IRS4,-0.877,0.00946,0.0153,FALSE,FALSE,FALSE,0
O14893_C34,O14893,GEMIN2,-0.393,0.0386,0.0534,FALSE,FALSE,FALSE,0
O14980_C164,O14980,XPO1,-0.56,0.0238,0.0345,FALSE,FALSE,FALSE,0
O15355_C241,O15355,PPM1G,0.338,0.063,0.0834,FALSE,FALSE,FALSE,0
O15541_C15,O15541,RNF113A,0.49,0.013,0.0199,FALSE,FALSE,FALSE,0
O43169_C119,O43169,CYB5B,0.371,0.0516,0.0699,FALSE,FALSE,FALSE,0
O43175_C369,O43175,PHGDH,-0.0836,0.709,0.748,FALSE,FALSE,FALSE,0
O43264_C568,O43264,ZW10,0.43,0.205,0.245,FALSE,FALSE,FALSE,0
O43390_C240,O43390,HNRNPR,0.695,0.003,0.00566,FALSE,FALSE,FALSE,0
O43719_C462,O43719,HTATSF1,-0.296,0.0637,0.084,FALSE,FALSE,FALSE,0
O43719_C480,O43719,HTATSF1,0.103,0.6,0.646,FALSE,FALSE,FALSE,0
O43765_C153,O43765,SGTA,-0.746,0.000381,0.000907,FALSE,FALSE,FALSE,0
O60313_C786,O60313,OPA1,-0.698,0.00317,0.00594,FALSE,FALSE,FALSE,0
O60664_C39,O60664,PLIN3,-0.646,0.00118,0.00245,FALSE,FALSE,FALSE,0
O75157_C158,O75157,TSC22D2,-0.134,0.419,0.476,FALSE,FALSE,FALSE,0
O75348_C69,O75348,ATP6V1G1,-0.76,0.00187,0.00365,FALSE,FALSE,FALSE,0
O75821_C139,O75821,EIF3G,0.19,0.224,0.266,FALSE,FALSE,FALSE,0
O95197_C34,O95197,RTN3,-0.781,0.00663,0.0114,FALSE,FALSE,FALSE,2
O95336_C32,O95336,PGLS,0.802,0.0442,0.0606,FALSE,FALSE,FALSE,1
O95429_C193,O95429,BAG4,-0.0314,0.852,0.868,FALSE,FALSE,FALSE,0
O95801_C238,O95801,TTC4,-0.782,0.0142,0.0216,FALSE,FALSE,FALSE,0
O95817_C151,O95817,BAG3,-0.494,0.0105,0.0167,FALSE,FALSE,FALSE,0
O95817_C179,O95817,BAG3,0.82,0.0081,0.0136,FALSE,FALSE,FALSE,1
P00441_C147,P00441,SOD1,-0.262,0.177,0.214,FALSE,FALSE,FALSE,0
P02769_C58,P02769,ALB,-0.0861,0.672,0.716,FALSE,FALSE,FALSE,0
P04183_C230,P04183,TK1,-0.237,0.131,0.16,FALSE,FALSE,FALSE,0
P04350_C12,P04350,TUBB4A,-0.499,0.0166,0.0248,FALSE,FALSE,FALSE,0
P04350_C127,P04350,TUBB4A,-0.232,0.448,0.5,FALSE,FALSE,FALSE,0
P04350_C129,P04350,TUBB4A,0.0294,0.916,0.921,FALSE,FALSE,FALSE,0
P04350_C303,P04350,TUBB4A,-0.819,0.000933,0.00199,FALSE,FALSE,FALSE,0
P04350_C354,P04350,TUBB4A,-0.907,0.000178,0.000471,FALSE,FALSE,FALSE,0
P05386_C61,P05386,RPLP1,-0.424,0.0314,0.0441,FALSE,FALSE,FALSE,0
P07203_C202,P07203,GPX1,-0.292,0.381,0.434,FALSE,FALSE,FALSE,4
P07900_C374,P07900,HSP90AA1,-0.931,0.00236,0.00452,FALSE,FALSE,FALSE,0
P08238_C366,P08238,HSP90AB1,-0.595,0.0147,0.0223,FALSE,FALSE,FALSE,0
P08865_C163,P08865,RPSA,-0.72,0.00297,0.00563,FALSE,FALSE,FALSE,0
P09936_C152,P09936,UCHL1,-0.253,0.208,0.247,FALSE,FALSE,FALSE,0
P09936_C90,P09936,UCHL1,0.174,0.279,0.325,FALSE,FALSE,FALSE,0
P10599_C32,P10599,TXN,0.297,0.0769,0.1,FALSE,FALSE,FALSE,0
P10809_C442,P10809,HSPD1,-0.821,0.000271,0.000675,FALSE,FALSE,FALSE,0
P13639_C41,P13639,EEF2,0.302,0.106,0.134,FALSE,FALSE,FALSE,0
P14866_C472,P14866,HNRNPL,0.129,0.465,0.517,FALSE,FALSE,FALSE,0
P16383_C320,P16383,GCFC2,0.291,0.114,0.142,FALSE,FALSE,FALSE,0
P20810_C241,P20810,CAST,-0.231,0.235,0.277,FALSE,FALSE,FALSE,0
P20810_C381,P20810,CAST,-0.0961,0.667,0.713,FALSE,FALSE,FALSE,0
P21333_C2543,P21333,FLNA,-0.983,0.00881,0.0146,FALSE,FALSE,FALSE,0
P21964_C223,P21964,COMT,-0.0474,0.764,0.796,FALSE,FALSE,FALSE,0
P22102_C41,P22102,GART,0.289,0.0995,0.127,FALSE,FALSE,FALSE,0
P22314_C632,P22314,UBA1,0.12,0.579,0.627,FALSE,FALSE,FALSE,0
P23528_C147,P23528,CFL1,0.379,0.0251,0.0363,FALSE,FALSE,FALSE,0
P24752_C119,P24752,ACAT1,-0.937,0.0034,0.0063,FALSE,FALSE,FALSE,0
P26641_C266,P26641,EEF1G,-1.1,0.0853,0.11,FALSE,FALSE,FALSE,0
P27348_C134,P27348,YWHAQ,0.0429,0.791,0.814,FALSE,FALSE,FALSE,0
P27348_C237,P27348,YWHAQ,-0.587,0.00175,0.00347,FALSE,FALSE,FALSE,0
P27816_C126,P27816,MAP4,0.136,0.773,0.803,FALSE,FALSE,FALSE,2
P30041_C47,P30041,PRDX6,0.336,0.11,0.138,FALSE,FALSE,FALSE,0
P30041_C91,P30041,PRDX6,0.341,0.057,0.0767,FALSE,FALSE,FALSE,0
P30044_C100,P30044,PRDX5,0.506,0.0347,0.0483,FALSE,FALSE,FALSE,0
P30044_C204,P30044,PRDX5,-0.422,0.0309,0.0436,FALSE,FALSE,FALSE,0
P30048_C229,P30048,PRDX3,-0.127,0.53,0.582,FALSE,FALSE,FALSE,0
P31749_C310,P31749,AKT1,0.344,0.121,0.149,FALSE,FALSE,FALSE,0
P33240_C150,P33240,CSTF2,-0.65,0.0153,0.023,FALSE,FALSE,FALSE,0
P37235_C185,P37235,HPCAL1,0.336,0.135,0.164,FALSE,FALSE,FALSE,0
P38606_C254,P38606,ATP6V1A,0.624,0.0107,0.0169,FALSE,FALSE,FALSE,0
P38606_C532,P38606,ATP6V1A,0.188,0.337,0.387,FALSE,FALSE,FALSE,0
P41227_C194,P41227,NAA10,0.497,0.0229,0.0334,FALSE,FALSE,FALSE,0
P42166_C341,P42166,TMPO,-0.785,0.00103,0.00215,FALSE,FALSE,FALSE,0
P42167_C363,P42167,TMPO,0.722,0.000603,0.00137,FALSE,FALSE,FALSE,0
P42677_C77,P42677,RPS27,0.37,0.186,0.223,FALSE,FALSE,FALSE,0
P43487_C132,P43487,RANBP1,-0.347,0.0677,0.089,FALSE,FALSE,FALSE,0
P45880_C47,P45880,VDAC2,0.874,0.000968,0.00204,FALSE,FALSE,FALSE,0
P46060_C573,P46060,RANGAP1,-0.18,0.282,0.327,FALSE,FALSE,FALSE,0
P46109_C249,P46109,CRKL,-0.615,0.00559,0.00974,FALSE,FALSE,FALSE,0
P46782_C66,P46782,RPS5,-0.0508,0.731,0.767,FALSE,FALSE,FALSE,0
P47756_C206,P47756,CAPZB,-0.274,0.283,0.327,FALSE,FALSE,FALSE,0
P48634_C1934,P48634,PRRC2A,-0.952,0.0033,0.00616,FALSE,FALSE,FALSE,1
P48643_C253,P48643,CCT5,-0.298,0.0753,0.0986,FALSE,FALSE,FALSE,0
P49006_C134,P49006,MARCKSL1,-0.846,0.0118,0.0184,FALSE,FALSE,FALSE,0
P49458_C48,P49458,SRP9,-0.615,0.00151,0.00305,FALSE,FALSE,FALSE,0
P49589_C27,P49589,CARS1,0.0837,0.555,0.605,FALSE,FALSE,FALSE,0
P52701_C615,P52701,MSH6,-0.548,0.0597,0.0797,FALSE,FALSE,FALSE,0
P55060_C387,P55060,CSE1L,-0.783,0.00072,0.00158,FALSE,FALSE,FALSE,0
P55060_C939,P55060,CSE1L,0.519,0.0268,0.0385,FALSE,FALSE,FALSE,0
P55265_C1224,P55265,ADAR,0.125,0.483,0.535,FALSE,FALSE,FALSE,0
P60468_C39,P60468,SEC61B,-0.457,0.047,0.0639,FALSE,FALSE,FALSE,0
P61077_C111,P61077,UBE2D3,-0.066,0.732,0.767,FALSE,FALSE,FALSE,0
P61289_C92,P61289,PSME3,-0.097,0.528,0.581,FALSE,FALSE,FALSE,0
P61758_C113,P61758,VBP1,0.495,0.005,0.00881,FALSE,FALSE,FALSE,0
P61758_C8,P61758,VBP1,-0.776,0.000761,0.00166,FALSE,FALSE,FALSE,0
P61978_C132,P61978,HNRNPK,-0.404,0.062,0.0824,FALSE,FALSE,FALSE,0
P62280_C60,P62280,RPS11,0.0405,0.832,0.851,FALSE,FALSE,FALSE,0
P62829_C28,P62829,RPL23,0.197,0.251,0.294,FALSE,FALSE,FALSE,0
P62857_C27,P62857,RPS28,-0.267,0.263,0.308,FALSE,FALSE,FALSE,0
P68104_C411,P68104,EEF1A1,-0.84,0.000218,0.000558,FALSE,FALSE,FALSE,0
P82932_C105,P82932,MRPS6,0.921,0.00137,0.00279,FALSE,FALSE,FALSE,0
Q00796_C120,Q00796,SORD,-0.288,0.109,0.138,FALSE,FALSE,FALSE,0
Q01433_C107,Q01433,AMPD2,-0.37,0.0301,0.0426,FALSE,FALSE,FALSE,0
Q04637_C662,Q04637,EIF4G1,0.336,0.112,0.141,FALSE,FALSE,FALSE,0
Q04721_C2085,Q04721,NOTCH2,-0.673,0.0167,0.0248,FALSE,FALSE,FALSE,2
Q06546_C421,Q06546,GABPA,0.368,0.117,0.145,FALSE,FALSE,FALSE,0
Q06830_C173,Q06830,PRDX1,-0.702,0.00123,0.00253,FALSE,FALSE,FALSE,0
Q06830_C83,Q06830,PRDX1,0.337,0.43,0.486,FALSE,FALSE,FALSE,0
Q07065_C100,Q07065,CKAP4,-0.543,0.00748,0.0127,FALSE,FALSE,FALSE,0
Q08378_C1403,Q08378,GOLGA3,0.83,0.00151,0.00305,FALSE,FALSE,FALSE,0
Q12849_C476,Q12849,GRSF1,0.32,0.0774,0.101,FALSE,FALSE,FALSE,0
Q13185_C177,Q13185,CBX3,-0.518,0.00958,0.0155,FALSE,FALSE,FALSE,0
Q13542_C35,Q13542,EIF4EBP2,0.0493,0.778,0.804,FALSE,FALSE,FALSE,0
Q13542_C73,Q13542,EIF4EBP2,-0.798,0.00211,0.00407,FALSE,FALSE,FALSE,0
Q14694_C94,Q14694,USP10,0.852,0.000276,0.000677,FALSE,FALSE,FALSE,0
Q14738_C17,Q14738,PPP2R5D,-0.341,0.198,0.237,FALSE,FALSE,FALSE,0
Q15005_C17,Q15005,SPCS2,-0.577,0.00928,0.0151,FALSE,FALSE,FALSE,0
Q15038_C132,Q15038,DAZAP2,0.467,0.0194,0.0287,FALSE,FALSE,FALSE,0
Q15084_C190,Q15084,PDIA6,0.298,0.156,0.19,FALSE,FALSE,FALSE,1
Q15181_C270,Q15181,PPA1,-0.508,0.0126,0.0194,FALSE,FALSE,FALSE,0
Q15185_C58,Q15185,PTGES3,0.457,0.0116,0.0182,FALSE,FALSE,FALSE,0
Q15233_C145,Q15233,NONO,-0.803,0.0137,0.0209,FALSE,FALSE,FALSE,0
Q15365_C109,Q15365,PCBP1,-0.512,0.00922,0.0151,FALSE,FALSE,FALSE,0
Q15365_C194,Q15365,PCBP1,-0.626,0.00155,0.00311,FALSE,FALSE,FALSE,0
Q15366_C109,Q15366,PCBP2,-0.57,0.00395,0.0072,FALSE,FALSE,FALSE,0
Q15366_C217,Q15366,PCBP2,-0.258,0.518,0.573,FALSE,FALSE,FALSE,2
Q15370_C89,Q15370,ELOB,-0.575,0.0102,0.0162,FALSE,FALSE,FALSE,0
Q15417_C173,Q15417,CNN3,0.605,0.0192,0.0284,FALSE,FALSE,FALSE,0
Q15631_C225,Q15631,TSN,0.8,0.000802,0.00174,FALSE,FALSE,FALSE,0
Q16630_C159,Q16630,CPSF6,-0.696,0.00167,0.00332,FALSE,FALSE,FALSE,0
Q16643_C632,Q16643,DBN1,0.345,0.102,0.129,FALSE,FALSE,FALSE,0
Q16643_C98,Q16643,DBN1,0.835,0.000658,0.00147,FALSE,FALSE,FALSE,0
Q16718_C17,Q16718,NDUFA5,-0.559,0.00914,0.015,FALSE,FALSE,FALSE,0
Q53S33_C59,Q53S33,BOLA3,0.245,0.237,0.279,FALSE,FALSE,FALSE,0
Q5JPH6_C341,Q5JPH6,EARS2,-0.0269,0.907,0.916,FALSE,FALSE,FALSE,0
Q5PRF9_C20,Q5PRF9,SAMD4B,0.269,0.161,0.196,FALSE,FALSE,FALSE,0
Q5XKP0_C60,Q5XKP0,MICOS13,0.595,0.0114,0.0179,FALSE,FALSE,FALSE,0
Q69YN2_C288,Q69YN2,CWF19L1,-0.775,0.004,0.00724,FALSE,FALSE,FALSE,0
Q6ICB0_C108,Q6ICB0,DESI1,-0.63,0.00472,0.00837,FALSE,FALSE,FALSE,0
Q6NZY4_C393,Q6NZY4,ZCCHC8,-0.00347,0.981,0.981,FALSE,FALSE,FALSE,0
Q7L5D6_C160,Q7L5D6,GET4,-0.1,0.635,0.68,FALSE,FALSE,FALSE,0
Q7L8W6_C88,Q7L8W6,DPH6,-0.446,0.0198,0.0291,FALSE,FALSE,FALSE,0
Q8IZ73_C431,Q8IZ73,RPUSD2,0.0609,0.695,0.738,FALSE,FALSE,FALSE,0
Q8N0X7_C504,Q8N0X7,SPART,-0.377,0.0277,0.0396,FALSE,FALSE,FALSE,0
Q8N806_C374,Q8N806,UBR7,-0.685,0.000591,0.00136,FALSE,FALSE,FALSE,0
Q8N9N8_C89,Q8N9N8,EIF1AD,-0.904,0.000242,0.000613,FALSE,FALSE,FALSE,0
Q8WW01_C13,Q8WW01,TSEN15,-0.326,0.0448,0.0611,FALSE,FALSE,FALSE,0
Q92530_C185,Q92530,PSMF1,0.444,0.12,0.149,FALSE,FALSE,FALSE,0
Q92598_C845,Q92598,HSPH1,-0.167,0.356,0.407,FALSE,FALSE,FALSE,0
Q92797_C578,Q92797,SYMPK,0.0122,0.929,0.932,FALSE,FALSE,FALSE,0
Q92973_C153,Q92973,TNPO1,0.0744,0.779,0.804,FALSE,FALSE,FALSE,0
Q969F1_C141,Q969F1,GTF3C6,0.507,0.0101,0.0162,FALSE,FALSE,FALSE,0
Q96DE5_C55,Q96DE5,ANAPC16,0.0808,0.699,0.74,FALSE,FALSE,FALSE,0
Q96EV8_C302,Q96EV8,DTNBP1,-0.596,0.0122,0.019,FALSE,FALSE,FALSE,0
Q96GX2_C75,Q96GX2,ATXN7L3B,-0.406,0.0369,0.0511,FALSE,FALSE,FALSE,0
Q96KB5_C22,Q96KB5,PBK,0.0493,0.737,0.77,FALSE,FALSE,FALSE,0
Q96R06_C382,Q96R06,SPAG5,0.561,0.022,0.0321,FALSE,FALSE,FALSE,0
Q99439_C215,Q99439,CNN2,0.337,0.119,0.148,FALSE,FALSE,FALSE,0
Q99614_C28,Q99614,TTC1,0.472,0.00882,0.0146,FALSE,FALSE,FALSE,0
Q99614_C8,Q99614,TTC1,-0.0253,0.879,0.89,FALSE,FALSE,FALSE,0
Q99714_C214,Q99714,HSD17B10,-0.0878,0.555,0.605,FALSE,FALSE,FALSE,0
Q99873_C119,Q99873,PRMT1,0.809,0.000917,0.00197,FALSE,FALSE,FALSE,0
Q9BQ61_C165,Q9BQ61,TRIR,0.216,0.425,0.481,FALSE,FALSE,FALSE,0
Q9BRA2_C43,Q9BRA2,TXNDC17,0.673,0.0018,0.00354,FALSE,FALSE,FALSE,0
Q9BV19_C189,Q9BV19,C1orf50,-0.489,0.0288,0.0409,FALSE,FALSE,FALSE,0
Q9BWU0_C336,Q9BWU0,SLC4A1AP,-0.299,0.444,0.498,FALSE,FALSE,FALSE,2
Q9C0C9_C375,Q9C0C9,UBE2O,0.183,0.437,0.491,FALSE,FALSE,FALSE,0
Q9GZU8_C187,Q9GZU8,PSME3IP1,-0.786,0.00126,0.00258,FALSE,FALSE,FALSE,0
Q9H3L0_C19,Q9H3L0,MMADHC,0.813,0.00446,0.00798,FALSE,FALSE,FALSE,0
Q9H3R5_C35,Q9H3R5,CENPH,0.104,0.557,0.606,FALSE,FALSE,FALSE,0
Q9H8H3_C79,Q9H8H3,METTL7A,-0.505,0.0407,0.0559,FALSE,FALSE,FALSE,0
Q9H910_C118,Q9H910,JPT2,0.651,0.0344,0.0481,FALSE,FALSE,FALSE,0
Q9HAV7_C124,Q9HAV7,GRPEL1,0.56,0.00605,0.0105,FALSE,FALSE,FALSE,0
Q9NQS1_C169,Q9NQS1,AVEN,-0.588,0.0055,0.00964,FALSE,FALSE,FALSE,0
Q9NUQ3_C127,Q9NUQ3,TXLNG,0.096,0.581,0.627,FALSE,FALSE,FALSE,0
Q9NUQ9_C10,Q9NUQ9,CYRIB,0.872,0.00045,0.00105,FALSE,FALSE,FALSE,0
Q9NVG8_C282,Q9NVG8,TBC1D13,-0.758,0.000654,0.00147,FALSE,FALSE,FALSE,0
Q9P032_C87,Q9P032,NDUFAF4,-0.699,0.00429,0.00772,FALSE,FALSE,FALSE,0
Q9P287_C213,Q9P287,BCCIP,-0.762,0.000704,0.00156,FALSE,FALSE,FALSE,0
Q9UJW0_C258,Q9UJW0,DCTN4,-0.882,0.000385,0.000909,FALSE,FALSE,FALSE,0
Q9UKX7_C151,Q9UKX7,NUP50,0.188,0.32,0.369,FALSE,FALSE,FALSE,0
Q9ULT8_C2415,Q9ULT8,HECTD1,0.0569,0.833,0.851,FALSE,FALSE,FALSE,0
Q9UM19_C187,Q9UM19,HPCAL4,0.613,0.00675,0.0115,FALSE,FALSE,FALSE,0
Q9UMS0_C213,Q9UMS0,NFU1,-0.528,0.0064,0.011,FALSE,FALSE,FALSE,0
Q9Y266_C188,Q9Y266,NUDC,-0.436,0.0588,0.0788,FALSE,FALSE,FALSE,0
Q9Y2W6_C109,Q9Y2W6,TDRKH,0.0263,0.863,0.876,FALSE,FALSE,FALSE,0
Q9Y2Y0_C149,Q9Y2Y0,ARL2BP,0.499,0.0932,0.12,FALSE,FALSE,FALSE,0
Q9Y520_C223,Q9Y520,PRRC2C,-0.46,0.00776,0.0131,FALSE,FALSE,FALSE,0
Q9Y6A5_C426,Q9Y6A5,TACC3,-0.384,0.0884,0.114,FALSE,FALSE,FALSE,0
A0A096LP55_C37,A0A096LP55,UQCRHL,NA,NA,NA,NA,NA,FALSE,6
A0MZ66_C550,A0MZ66,SHTN1,NA,NA,NA,NA,NA,FALSE,6
A1L0T0_C354,A1L0T0,ILVBL,NA,NA,NA,NA,NA,FALSE,6
A3KN83_C445,A3KN83,SBNO1,NA,NA,NA,NA,NA,FALSE,6
A4D1S0_C90,A4D1S0,KLRG2,NA,NA,NA,NA,NA,FALSE,6
A6NDU8_C179,A6NDU8,C5orf51,NA,NA,NA,NA,NA,FALSE,6
A6NDU8_C244,A6NDU8,C5orf51,NA,NA,NA,NA,NA,FALSE,6
A6NMY6_C9,A6NMY6,ANXA2P2,NA,NA,NA,NA,NA,FALSE,6
A9UHW6_C49,A9UHW6,MIF4GD,NA,NA,NA,NA,NA,FALSE,6
B3KU38_C358,B3KU38,IQCJ-SCHIP1,NA,NA,NA,NA,NA,FALSE,6
O00161_C112,O00161,SNAP23,NA,NA,NA,NA,NA,FALSE,6
O00233_C59,O00233,PSMD9,NA,NA,NA,NA,NA,FALSE,6
O00244_C12,O00244,ATOX1,NA,NA,NA,NA,NA,FALSE,6
O00303_C256,O00303,EIF3F,NA,NA,NA,NA,NA,FALSE,6
O00410_C687,O00410,IPO5,NA,NA,NA,NA,NA,FALSE,6
O00429_C505,O00429,DNM1L,NA,NA,NA,NA,NA,FALSE,6
O00512_C64,O00512,BCL9,NA,NA,NA,NA,NA,FALSE,6
O00541_C361,O00541,PES1,NA,NA,NA,NA,NA,FALSE,6
O00629_C57,O00629,KPNA4,NA,NA,NA,NA,NA,FALSE,6
O14497_C1827,O14497,ARID1A,NA,NA,NA,NA,NA,FALSE,6
O14497_C336,O14497,ARID1A,NA,NA,NA,NA,NA,FALSE,6
O14545_C267,O14545,TRAFD1,NA,NA,NA,NA,NA,FALSE,6
O14545_C476,O14545,TRAFD1,NA,NA,NA,NA,NA,FALSE,6
O14618_C246,O14618,CCS,NA,NA,NA,NA,NA,FALSE,6
O14654_C1065,O14654,IRS4,NA,NA,NA,NA,NA,FALSE,6
O14654_C545,O14654,IRS4,NA,NA,NA,NA,NA,FALSE,6
O14717_C287,O14717,TRDMT1,NA,NA,NA,NA,NA,FALSE,6
O14730_C22,O14730,RIOK3,NA,NA,NA,NA,NA,FALSE,6
O14980_C1070,O14980,XPO1,NA,NA,NA,NA,NA,FALSE,6
O14980_C119,O14980,XPO1,NA,NA,NA,NA,NA,FALSE,6
O14980_C528,O14980,XPO1,NA,NA,NA,NA,NA,FALSE,6
O15027_C107,O15027,SEC16A,NA,NA,NA,NA,NA,FALSE,6
O15027_C46,O15027,SEC16A,NA,NA,NA,NA,NA,FALSE,6
O15067_C1285,O15067,PFAS,NA,NA,NA,NA,NA,FALSE,6
O15067_C270,O15067,PFAS,NA,NA,NA,NA,NA,FALSE,6
O15067_C318,O15067,PFAS,NA,NA,NA,NA,NA,FALSE,6
O15091_C507,O15091,PRORP,NA,NA,NA,NA,NA,FALSE,6
O15355_C13,O15355,PPM1G,NA,NA,NA,NA,NA,FALSE,6
O15355_C164,O15355,PPM1G,NA,NA,NA,NA,NA,FALSE,6
O43175_C18,O43175,PHGDH,NA,NA,NA,NA,NA,FALSE,6
O43390_C99,O43390,HNRNPR,NA,NA,NA,NA,NA,FALSE,6
O43504_C66,O43504,LAMTOR5,NA,NA,NA,NA,NA,FALSE,6
O43513_C197,O43513,MED7,NA,NA,NA,NA,NA,FALSE,6
O43715_C37,O43715,TRIAP1,NA,NA,NA,NA,NA,FALSE,6
O43716_C86,O43716,GATC,NA,NA,NA,NA,NA,FALSE,6
O43719_C471,O43719,HTATSF1,NA,NA,NA,NA,NA,FALSE,6
O43719_C512,O43719,HTATSF1,NA,NA,NA,NA,NA,FALSE,6
O43805_C23,O43805,SSNA1,NA,NA,NA,NA,NA,FALSE,6
O43815_C316,O43815,STRN,NA,NA,NA,NA,NA,FALSE,6
O60232_C152,O60232,ZNRD2,NA,NA,NA,NA,NA,FALSE,6
O60343_C1277,O60343,TBC1D4,NA,NA,NA,NA,NA,FALSE,6
O60343_C74,O60343,TBC1D4,NA,NA,NA,NA,NA,FALSE,6
O60502_C596,O60502,OGA,NA,NA,NA,NA,NA,FALSE,6
O60610_C1227,O60610,DIAPH1,NA,NA,NA,NA,NA,FALSE,6
O60664_C341,O60664,PLIN3,NA,NA,NA,NA,NA,FALSE,6
O60784_C415,O60784,TOM1,NA,NA,NA,NA,NA,FALSE,6
O60831_C28,O60831,PRAF2,NA,NA,NA,NA,NA,FALSE,6
O60870_C212,O60870,KIN,NA,NA,NA,NA,NA,FALSE,6
O75131_C54,O75131,CPNE3,NA,NA,NA,NA,NA,FALSE,6
O75153_C333,O75153,CLUH,NA,NA,NA,NA,NA,FALSE,6
O75179_C210,O75179,ANKRD17,NA,NA,NA,NA,NA,FALSE,6
O75369_C2501,O75369,FLNB,NA,NA,NA,NA,NA,FALSE,6
O75381_C342,O75381,PEX14,NA,NA,NA,NA,NA,FALSE,6
O75410_C587,O75410,TACC1,NA,NA,NA,NA,NA,FALSE,6
O75475_C204,O75475,PSIP1,NA,NA,NA,NA,NA,FALSE,6
O75477_C312,O75477,ERLIN1,NA,NA,NA,NA,NA,FALSE,6
O75521_C312,O75521,ECI2,NA,NA,NA,NA,NA,FALSE,6
O75608_C144,O75608,LYPLA1,NA,NA,NA,NA,NA,FALSE,6
O75822_C207,O75822,EIF3J,NA,NA,NA,NA,NA,FALSE,6
O75934_C106,O75934,BCAS2,NA,NA,NA,NA,NA,FALSE,6
O75934_C132,O75934,BCAS2,NA,NA,NA,NA,NA,FALSE,6
O75935_C140,O75935,DCTN3,NA,NA,NA,NA,NA,FALSE,6
O75947_C101,O75947,ATP5PD,NA,NA,NA,NA,NA,FALSE,6
O94788_C319,O94788,ALDH1A2,NA,NA,NA,NA,NA,FALSE,6
O94991_C882,O94991,SLITRK5,NA,NA,NA,NA,NA,FALSE,6
O94992_C79,O94992,HEXIM1,NA,NA,NA,NA,NA,FALSE,6
O95159_C230,O95159,ZFPL1,NA,NA,NA,NA,NA,FALSE,6
O95239_C1159,O95239,KIF4A,NA,NA,NA,NA,NA,FALSE,6
O95295_C66,O95295,SNAPIN,NA,NA,NA,NA,NA,FALSE,6
O95297_C203,O95297,MPZL1,NA,NA,NA,NA,NA,FALSE,6
O95347_C1174,O95347,SMC2,NA,NA,NA,NA,NA,FALSE,6
O95373_C736,O95373,IPO7,NA,NA,NA,NA,NA,FALSE,6
O95373_C757,O95373,IPO7,NA,NA,NA,NA,NA,FALSE,6
O95394_C200,O95394,PGM3,NA,NA,NA,NA,NA,FALSE,6
O95400_C234,O95400,CD2BP2,NA,NA,NA,NA,NA,FALSE,6
O95671_C274,O95671,ASMTL,NA,NA,NA,NA,NA,FALSE,6
O95677_C16,O95677,EYA4,NA,NA,NA,NA,NA,FALSE,6
O95684_C244,O95684,CEP43,NA,NA,NA,NA,NA,FALSE,6
O95747_C191,O95747,OXSR1,NA,NA,NA,NA,NA,FALSE,6
O95861_C42,O95861,BPNT1,NA,NA,NA,NA,NA,FALSE,6
P00338_C163,P00338,LDHA,NA,NA,NA,NA,NA,FALSE,6
P00492_C23,P00492,HPRT1,NA,NA,NA,NA,NA,FALSE,6
P01889_C349,P01889,HLA-B,NA,NA,NA,NA,NA,FALSE,6
P02765_C132,P02765,AHSG,NA,NA,NA,NA,NA,FALSE,6
P02769_C192,P02769,ALB,NA,NA,NA,NA,NA,FALSE,6
P03897_C39,P03897,MT-ND3,NA,NA,NA,NA,NA,FALSE,6
P04150_C622,P04150,NR3C1,NA,NA,NA,NA,NA,FALSE,6
P04181_C150,P04181,OAT,NA,NA,NA,NA,NA,FALSE,6
P04183_C206,P04183,TK1,NA,NA,NA,NA,NA,FALSE,6
P04406_C152,P04406,GAPDH,NA,NA,NA,NA,NA,FALSE,6
P05023_C374,P05023,ATP1A1,NA,NA,NA,NA,NA,FALSE,6
P05141_C257,P05141,SLC25A5,NA,NA,NA,NA,NA,FALSE,6
P05388_C119,P05388,RPLP0,NA,NA,NA,NA,NA,FALSE,6
P07602_C42,P07602,PSAP,NA,NA,NA,NA,NA,FALSE,6
P07814_C744,P07814,EPRS1,NA,NA,NA,NA,NA,FALSE,6
P08238_C590,P08238,HSP90AB1,NA,NA,NA,NA,NA,FALSE,6
P08670_C328,P08670,VIM,NA,NA,NA,NA,NA,FALSE,6
P08708_C35,P08708,RPS17,NA,NA,NA,NA,NA,FALSE,6
P08865_C148,P08865,RPSA,NA,NA,NA,NA,NA,FALSE,6
P09211_C102,P09211,GSTP1,NA,NA,NA,NA,NA,FALSE,6
P09429_C106,P09429,HMGB1,NA,NA,NA,NA,NA,FALSE,6
P09884_C1403,P09884,POLA1,NA,NA,NA,NA,NA,FALSE,6
P0DPB5_C37,P0DPB5,POLR1D,NA,NA,NA,NA,NA,FALSE,6
P10321_C188,P10321,HLA-C,NA,NA,NA,NA,NA,FALSE,6
P10644_C18,P10644,PRKAR1A,NA,NA,NA,NA,NA,FALSE,6
P10809_C237,P10809,HSPD1,NA,NA,NA,NA,NA,FALSE,6
P13010_C339,P13010,XRCC5,NA,NA,NA,NA,NA,FALSE,6
P13639_C136,P13639,EEF2,NA,NA,NA,NA,NA,FALSE,6
P13639_C290,P13639,EEF2,NA,NA,NA,NA,NA,FALSE,6
P13639_C591,P13639,EEF2,NA,NA,NA,NA,NA,FALSE,6
P13639_C651,P13639,EEF2,NA,NA,NA,NA,NA,FALSE,6
P13667_C555,P13667,PDIA4,NA,NA,NA,NA,NA,FALSE,6
P13796_C101,P13796,LCP1,NA,NA,NA,NA,NA,FALSE,6
P13798_C30,P13798,APEH,NA,NA,NA,NA,NA,FALSE,6
P13804_C53,P13804,ETFA,NA,NA,NA,NA,NA,FALSE,6
P13861_C101,P13861,PRKAR2A,NA,NA,NA,NA,NA,FALSE,6
P14635_C238,P14635,CCNB1,NA,NA,NA,NA,NA,FALSE,6
P14735_C974,P14735,IDE,NA,NA,NA,NA,NA,FALSE,6
P15374_C95,P15374,UCHL3,NA,NA,NA,NA,NA,FALSE,6
P15924_C1957,P15924,DSP,NA,NA,NA,NA,NA,FALSE,6
P16220_C286,P16220,CREB1,NA,NA,NA,NA,NA,FALSE,5
P16615_C997,P16615,ATP2A2,NA,NA,NA,NA,NA,FALSE,6
P17028_C233,P17028,ZNF24,NA,NA,NA,NA,NA,FALSE,6
P17812_C491,P17812,CTPS1,NA,NA,NA,NA,NA,FALSE,6
P17987_C357,P17987,TCP1,NA,NA,NA,NA,NA,FALSE,6
P18085_C62,P18085,ARF4,NA,NA,NA,NA,NA,FALSE,6
P18583_C92,P18583,SON,NA,NA,NA,NA,NA,FALSE,6
P19622_C88,P19622,EN2,NA,NA,NA,NA,NA,FALSE,6
P20073_C363,P20073,ANXA7,NA,NA,NA,NA,NA,FALSE,6
P20290_C22,P20290,BTF3,NA,NA,NA,NA,NA,FALSE,6
P20648_C385,P20648,ATP4A,NA,NA,NA,NA,NA,FALSE,6
P20810_C328,P20810,CAST,NA,NA,NA,NA,NA,FALSE,6
P20810_C408,P20810,CAST,NA,NA,NA,NA,NA,FALSE,6
P20810_C413,P20810,CAST,NA,NA,NA,NA,NA,FALSE,6
P20810_C661,P20810,CAST,NA,NA,NA,NA,NA,FALSE,6
P22059_C343,P22059,OSBP,NA,NA,NA,NA,NA,FALSE,6
P22061_C102,P22061,PCMT1,NA,NA,NA,NA,NA,FALSE,6
P22102_C466,P22102,GART,NA,NA,NA,NA,NA,FALSE,6
P22314_C1039,P22314,UBA1,NA,NA,NA,NA,NA,FALSE,6
P22314_C23,P22314,UBA1,NA,NA,NA,NA,NA,FALSE,6
P22314_C481,P22314,UBA1,NA,NA,NA,NA,NA,FALSE,6
P22681_C508,P22681,CBL,NA,NA,NA,NA,NA,FALSE,6
P22681_C840,P22681,CBL,NA,NA,NA,NA,NA,FALSE,6
P23528_C39,P23528,CFL1,NA,NA,NA,NA,NA,FALSE,6
P23588_C457,P23588,EIF4B,NA,NA,NA,NA,NA,FALSE,6
P23921_C492,P23921,RRM1,NA,NA,NA,NA,NA,FALSE,6
P24390_C29,P24390,KDELR1,NA,NA,NA,NA,NA,FALSE,6
P24534_C50,P24534,EEF1B2,NA,NA,NA,NA,NA,FALSE,6
P24752_C126,P24752,ACAT1,NA,NA,NA,NA,NA,FALSE,6
P24752_C413,P24752,ACAT1,NA,NA,NA,NA,NA,FALSE,6
P25205_C360,P25205,MCM3,NA,NA,NA,NA,NA,FALSE,6
P26358_C62,P26358,DNMT1,NA,NA,NA,NA,NA,FALSE,6
P27635_C105,P27635,RPL10,NA,NA,NA,NA,NA,FALSE,6
P27816_C535,P27816,MAP4,NA,NA,NA,NA,NA,FALSE,6
P27816_C635,P27816,MAP4,NA,NA,NA,NA,NA,FALSE,6
P28702_C340,P28702,RXRB,NA,NA,NA,NA,NA,FALSE,6
P29083_C42,P29083,GTF2E1,NA,NA,NA,NA,NA,FALSE,6
P30153_C294,P30153,PPP2R1A,NA,NA,NA,NA,NA,FALSE,6
P30153_C377,P30153,PPP2R1A,NA,NA,NA,NA,NA,FALSE,6
P30153_C390,P30153,PPP2R1A,NA,NA,NA,NA,NA,FALSE,6
P31350_C202,P31350,RRM2,NA,NA,NA,NA,NA,FALSE,6
P31749_C296,P31749,AKT1,NA,NA,NA,NA,NA,FALSE,6
P32121_C141,P32121,ARRB2,NA,NA,NA,NA,NA,FALSE,6
P35219_C200,P35219,CA8,NA,NA,NA,NA,NA,FALSE,6
P35219_C266,P35219,CA8,NA,NA,NA,NA,NA,FALSE,6
P35579_C1437,P35579,MYH9,NA,NA,NA,NA,NA,FALSE,6
P35611_C430,P35611,ADD1,NA,NA,NA,NA,NA,FALSE,6
P35611_C525,P35611,ADD1,NA,NA,NA,NA,NA,FALSE,6
P35754_C23,P35754,GLRX,NA,NA,NA,NA,NA,FALSE,6
P35914_C323,P35914,HMGCL,NA,NA,NA,NA,NA,FALSE,6
P37268_C374,P37268,FDFT1,NA,NA,NA,NA,NA,FALSE,6
P37268_C6,P37268,FDFT1,NA,NA,NA,NA,NA,FALSE,6
P38432_C170,P38432,COIL,NA,NA,NA,NA,NA,FALSE,6
P38606_C277,P38606,ATP6V1A,NA,NA,NA,NA,NA,FALSE,6
P38646_C366,P38646,HSPA9,NA,NA,NA,NA,NA,FALSE,6
P38646_C608,P38646,HSPA9,NA,NA,NA,NA,NA,FALSE,6
P39687_C123,P39687,ANP32A,NA,NA,NA,NA,NA,FALSE,6
P40222_C523,P40222,TXLNA,NA,NA,NA,NA,NA,FALSE,6
P40616_C80,P40616,ARL1,NA,NA,NA,NA,NA,FALSE,6
P40855_C128,P40855,PEX19,NA,NA,NA,NA,NA,FALSE,6
P41091_C105,P41091,EIF2S3,NA,NA,NA,NA,NA,FALSE,6
P41240_C290,P41240,CSK,NA,NA,NA,NA,NA,FALSE,6
P42166_C280,P42166,TMPO,NA,NA,NA,NA,NA,FALSE,6
P42166_C518,P42166,TMPO,NA,NA,NA,NA,NA,FALSE,6
P42224_C492,P42224,STAT1,NA,NA,NA,NA,NA,FALSE,6
P42566_C657,P42566,EPS15,NA,NA,NA,NA,NA,FALSE,6
P42574_C170,P42574,CASP3,NA,NA,NA,NA,NA,FALSE,6
P43355_C92,P43355,MAGEA1,NA,NA,NA,NA,NA,FALSE,6
P45880_C210,P45880,VDAC2,NA,NA,NA,NA,NA,FALSE,6
P45973_C133,P45973,CBX5,NA,NA,NA,NA,NA,FALSE,6
P45984_C177,P45984,MAPK9,NA,NA,NA,NA,NA,FALSE,6
P46109_C44,P46109,CRKL,NA,NA,NA,NA,NA,FALSE,6
P46379_C349,P46379,BAG6,NA,NA,NA,NA,NA,FALSE,6
P46782_C172,P46782,RPS5,NA,NA,NA,NA,NA,FALSE,6
P46821_C2041,P46821,MAP1B,NA,NA,NA,NA,NA,FALSE,6
P46821_C2088,P46821,MAP1B,NA,NA,NA,NA,NA,FALSE,6
P46937_C343,P46937,YAP1,NA,NA,NA,NA,NA,FALSE,6
P48556_C173,P48556,PSMD8,NA,NA,NA,NA,NA,FALSE,6
P49023_C108,P49023,PXN,NA,NA,NA,NA,NA,FALSE,6
P49069_C123,P49069,CAMLG,NA,NA,NA,NA,NA,FALSE,6
P49207_C49,P49207,RPL34,NA,NA,NA,NA,NA,FALSE,6
P49327_C1448,P49327,FASN,NA,NA,NA,NA,NA,FALSE,6
P49327_C2202,P49327,FASN,NA,NA,NA,NA,NA,FALSE,6
P49411_C222,P49411,TUFM,NA,NA,NA,NA,NA,FALSE,6
P49419_C478,P49419,ALDH7A1,NA,NA,NA,NA,NA,FALSE,6
P49588_C773,P49588,AARS1,NA,NA,NA,NA,NA,FALSE,6
P49790_C1065,P49790,NUP153,NA,NA,NA,NA,NA,FALSE,6
P49915_C104,P49915,GMPS,NA,NA,NA,NA,NA,FALSE,6
P49915_C456,P49915,GMPS,NA,NA,NA,NA,NA,FALSE,6
P49915_C523,P49915,GMPS,NA,NA,NA,NA,NA,FALSE,6
P51610_C1139,P51610,HCFC1,NA,NA,NA,NA,NA,FALSE,6
P51610_C1187,P51610,HCFC1,NA,NA,NA,NA,NA,FALSE,6
P51610_C1872,P51610,HCFC1,NA,NA,NA,NA,NA,FALSE,6
P51610_C1886,P51610,HCFC1,NA,NA,NA,NA,NA,FALSE,6
P51858_C12,P51858,HDGF,NA,NA,NA,NA,NA,FALSE,6
P52272_C694,P52272,HNRNPM,NA,NA,NA,NA,NA,FALSE,6
P52597_C267,P52597,HNRNPF,NA,NA,NA,NA,NA,FALSE,6
P52732_C911,P52732,KIF11,NA,NA,NA,NA,NA,FALSE,6
P52756_C766,P52756,RBM5,NA,NA,NA,NA,NA,FALSE,6
P52888_C682,P52888,THOP1,NA,NA,NA,NA,NA,FALSE,6
P52948_C1027,P52948,NUP98,NA,NA,NA,NA,NA,FALSE,6
P53396_C20,P53396,ACLY,NA,NA,NA,NA,NA,FALSE,6
P53396_C845,P53396,ACLY,NA,NA,NA,NA,NA,FALSE,6
P53602_C108,P53602,MVD,NA,NA,NA,NA,NA,FALSE,6
P53701_C178,P53701,HCCS,NA,NA,NA,NA,NA,FALSE,6
P53701_C35,P53701,HCCS,NA,NA,NA,NA,NA,FALSE,6
P53701_C46,P53701,HCCS,NA,NA,NA,NA,NA,FALSE,6
P53701_C66,P53701,HCCS,NA,NA,NA,NA,NA,FALSE,6
P53992_C78,P53992,SEC24C,NA,NA,NA,NA,NA,FALSE,6
P54136_C32,P54136,RARS1,NA,NA,NA,NA,NA,FALSE,6
P54819_C40,P54819,AK2,NA,NA,NA,NA,NA,FALSE,6
P54886_C88,P54886,ALDH18A1,NA,NA,NA,NA,NA,FALSE,6
P55060_C272,P55060,CSE1L,NA,NA,NA,NA,NA,FALSE,6
P55060_C344,P55060,CSE1L,NA,NA,NA,NA,NA,FALSE,6
P55210_C290,P55210,CASP7,NA,NA,NA,NA,NA,FALSE,6
P55347_C326,P55347,PKNOX1,NA,NA,NA,NA,NA,FALSE,6
P58004_C314,P58004,SESN2,NA,NA,NA,NA,NA,FALSE,6
P60006_C24,P60006,ANAPC15,NA,NA,NA,NA,NA,FALSE,6
P60174_C42,P60174,TPI1,NA,NA,NA,NA,NA,FALSE,6
P60709_C272,P60709,ACTB,NA,NA,NA,NA,NA,FALSE,6
P60763_C178,P60763,RAC3,NA,NA,NA,NA,NA,FALSE,6
P60903_C62,P60903,S100A10,NA,NA,NA,NA,NA,FALSE,6
P60981_C163,P60981,DSTN,NA,NA,NA,NA,NA,FALSE,6
P60981_C23,P60981,DSTN,NA,NA,NA,NA,NA,FALSE,6
P61106_C40,P61106,RAB14,NA,NA,NA,NA,NA,FALSE,6
P61601_C185,P61601,NCALD,NA,NA,NA,NA,NA,FALSE,6
P62913_C21,P62913,RPL11,NA,NA,NA,NA,NA,FALSE,6
P62993_C32,P62993,GRB2,NA,NA,NA,NA,NA,FALSE,6
P63208_C120,P63208,SKP1,NA,NA,NA,NA,NA,FALSE,6
P63244_C138,P63244,RACK1,NA,NA,NA,NA,NA,FALSE,6
P67936_C247,P67936,TPM4,NA,NA,NA,NA,NA,FALSE,6
P68363_C295,P68363,TUBA1B,NA,NA,NA,NA,NA,FALSE,6
P68363_C305,P68363,TUBA1B,NA,NA,NA,NA,NA,FALSE,6
P68363_C315,P68363,TUBA1B,NA,NA,NA,NA,NA,FALSE,6
P78417_C192,P78417,GSTO1,NA,NA,NA,NA,NA,FALSE,6
P78527_C1499,P78527,PRKDC,NA,NA,NA,NA,NA,FALSE,6
P78527_C703,P78527,PRKDC,NA,NA,NA,NA,NA,FALSE,6
P84103_C6,P84103,SRSF3,NA,NA,NA,NA,NA,FALSE,6
Q00325_C136,Q00325,SLC25A3,NA,NA,NA,NA,NA,FALSE,6
Q00577_C292,Q00577,PURA,NA,NA,NA,NA,NA,FALSE,6
Q01433_C230,Q01433,AMPD2,NA,NA,NA,NA,NA,FALSE,6
Q01658_C94,Q01658,DR1,NA,NA,NA,NA,NA,FALSE,6
Q01664_C29,Q01664,TFAP4,NA,NA,NA,NA,NA,FALSE,6
Q02750_C277,Q02750,MAP2K1,NA,NA,NA,NA,NA,FALSE,6
Q02952_C1139,Q02952,AKAP12,NA,NA,NA,NA,NA,FALSE,6
Q02952_C1399,Q02952,AKAP12,NA,NA,NA,NA,NA,FALSE,6
Q02952_C1479,Q02952,AKAP12,NA,NA,NA,NA,NA,FALSE,6
Q02952_C1521,Q02952,AKAP12,NA,NA,NA,NA,NA,FALSE,6
Q02952_C470,Q02952,AKAP12,NA,NA,NA,NA,NA,FALSE,6
Q02952_C578,Q02952,AKAP12,NA,NA,NA,NA,NA,FALSE,6
Q06203_C100,Q06203,PPAT,NA,NA,NA,NA,NA,FALSE,6
Q06323_C106,Q06323,PSME1,NA,NA,NA,NA,NA,FALSE,6
Q06323_C22,Q06323,PSME1,NA,NA,NA,NA,NA,FALSE,6
Q07617_C552,Q07617,SPAG1,NA,NA,NA,NA,NA,FALSE,6
Q09666_C1900,Q09666,AHNAK,NA,NA,NA,NA,NA,FALSE,6
Q12800_C453,Q12800,TFCP2,NA,NA,NA,NA,NA,FALSE,6
Q12841_C113,Q12841,FSTL1,NA,NA,NA,NA,NA,FALSE,6
Q12888_C101,Q12888,TP53BP1,NA,NA,NA,NA,NA,FALSE,6
Q12931_C573,Q12931,TRAP1,NA,NA,NA,NA,NA,FALSE,6
Q12948_C529,Q12948,FOXC1,NA,NA,NA,NA,NA,FALSE,6
Q12959_C378,Q12959,DLG1,NA,NA,NA,NA,NA,FALSE,6
Q12962_C174,Q12962,TAF10,NA,NA,NA,NA,NA,FALSE,6
Q13126_C223,Q13126,MTAP,NA,NA,NA,NA,NA,FALSE,6
Q13144_C571,Q13144,EIF2B5,NA,NA,NA,NA,NA,FALSE,6
Q13148_C39,Q13148,TARDBP,NA,NA,NA,NA,NA,FALSE,4
Q13158_C98,Q13158,FADD,NA,NA,NA,NA,NA,FALSE,6
Q13162_C245,Q13162,PRDX4,NA,NA,NA,NA,NA,FALSE,6
Q13232_C158,Q13232,NME3,NA,NA,NA,NA,NA,FALSE,6
Q13310_C339,Q13310,PABPC4,NA,NA,NA,NA,NA,FALSE,6
Q13404_C144,Q13404,UBE2V1,NA,NA,NA,NA,NA,FALSE,6
Q13428_C1298,Q13428,TCOF1,NA,NA,NA,NA,NA,FALSE,6
Q13506_C111,Q13506,NAB1,NA,NA,NA,NA,NA,FALSE,6
Q13596_C318,Q13596,SNX1,NA,NA,NA,NA,NA,FALSE,6
Q13670_C30,Q13670,PMS2P11,NA,NA,NA,NA,NA,FALSE,6
Q14008_C1911,Q14008,CKAP5,NA,NA,NA,NA,NA,FALSE,6
Q14012_C179,Q14012,CAMK1,NA,NA,NA,NA,NA,FALSE,6
Q14061_C23,Q14061,COX17,NA,NA,NA,NA,NA,FALSE,6
Q14151_C224,Q14151,SAFB2,NA,NA,NA,NA,NA,FALSE,6
Q14166_C98,Q14166,TTLL12,NA,NA,NA,NA,NA,FALSE,6
Q14203_C1252,Q14203,DCTN1,NA,NA,NA,NA,NA,FALSE,6
Q14203_C888,Q14203,DCTN1,NA,NA,NA,NA,NA,FALSE,6
Q14247_C246,Q14247,CTTN,NA,NA,NA,NA,NA,FALSE,6
Q14353_C91,Q14353,GAMT,NA,NA,NA,NA,NA,FALSE,6
Q14493_C72,Q14493,SLBP,NA,NA,NA,NA,NA,FALSE,6
Q14527_C442,Q14527,HLTF,NA,NA,NA,NA,NA,FALSE,6
Q14657_C23,Q14657,LAGE3,NA,NA,NA,NA,NA,FALSE,6
Q14671_C234,Q14671,PUM1,NA,NA,NA,NA,NA,FALSE,6
Q14694_C40,Q14694,USP10,NA,NA,NA,NA,NA,FALSE,6
Q14974_C667,Q14974,KPNB1,NA,NA,NA,NA,NA,FALSE,6
Q14C86_C568,Q14C86,GAPVD1,NA,NA,NA,NA,NA,FALSE,6
Q14C86_C741,Q14C86,GAPVD1,NA,NA,NA,NA,NA,FALSE,6
Q15007_C90,Q15007,WTAP,NA,NA,NA,NA,NA,FALSE,6
Q15021_C286,Q15021,NCAPD2,NA,NA,NA,NA,NA,FALSE,6
Q15021_C596,Q15021,NCAPD2,NA,NA,NA,NA,NA,FALSE,6
Q15056_C85,Q15056,EIF4H,NA,NA,NA,NA,NA,FALSE,6
Q15118_C71,Q15118,PDK1,NA,NA,NA,NA,NA,FALSE,6
Q15119_C45,Q15119,PDK2,NA,NA,NA,NA,NA,FALSE,6
Q15185_C40,Q15185,PTGES3,NA,NA,NA,NA,NA,FALSE,6
Q15365_C118,Q15365,PCBP1,NA,NA,NA,NA,NA,FALSE,6
Q15366_C118,Q15366,PCBP2,NA,NA,NA,NA,NA,FALSE,6
Q15532_C34,Q15532,SS18,NA,NA,NA,NA,NA,FALSE,6
Q15545_C72,Q15545,TAF7,NA,NA,NA,NA,NA,FALSE,6
Q15545_C92,Q15545,TAF7,NA,NA,NA,NA,NA,FALSE,6
Q15723_C470,Q15723,ELF2,NA,NA,NA,NA,NA,FALSE,6
Q15813_C141,Q15813,TBCE,NA,NA,NA,NA,NA,FALSE,6
Q16543_C336,Q16543,CDC37,NA,NA,NA,NA,NA,FALSE,6
Q16555_C504,Q16555,DPYSL2,NA,NA,NA,NA,NA,FALSE,6
Q16576_C97,Q16576,RBBP7,NA,NA,NA,NA,NA,FALSE,6
Q16637_C60,Q16637,SMN1,NA,NA,NA,NA,NA,FALSE,6
Q16643_C613,Q16643,DBN1,NA,NA,NA,NA,NA,FALSE,6
Q16643_C96,Q16643,DBN1,NA,NA,NA,NA,NA,FALSE,6
Q16644_C203,Q16644,MAPKAPK3,NA,NA,NA,NA,NA,FALSE,6
Q29RF7_C532,Q29RF7,PDS5A,NA,NA,NA,NA,NA,FALSE,6
Q2NKX8_C982,Q2NKX8,ERCC6L,NA,NA,NA,NA,NA,FALSE,6
Q2NKX8_C998,Q2NKX8,ERCC6L,NA,NA,NA,NA,NA,FALSE,6
Q32MZ4_C14,Q32MZ4,LRRFIP1,NA,NA,NA,NA,NA,FALSE,6
Q32MZ4_C644,Q32MZ4,LRRFIP1,NA,NA,NA,NA,NA,FALSE,6
Q32NC0_C175,Q32NC0,C18orf21,NA,NA,NA,NA,NA,FALSE,6
Q3YEC7_C491,Q3YEC7,RABL6,NA,NA,NA,NA,NA,FALSE,6
Q4VCS5_C1047,Q4VCS5,AMOT,NA,NA,NA,NA,NA,FALSE,6
Q4VCS5_C647,Q4VCS5,AMOT,NA,NA,NA,NA,NA,FALSE,6
Q4VCS5_C781,Q4VCS5,AMOT,NA,NA,NA,NA,NA,FALSE,6
Q52LJ0_C216,Q52LJ0,FAM98B,NA,NA,NA,NA,NA,FALSE,6
Q53EL6_C275,Q53EL6,PDCD4,NA,NA,NA,NA,NA,FALSE,6
Q53GQ0_C166,Q53GQ0,HSD17B12,NA,NA,NA,NA,NA,FALSE,6
Q53H80_C27,Q53H80,AKIRIN2,NA,NA,NA,NA,NA,FALSE,6
Q5EBL4_C47,Q5EBL4,RILPL1,NA,NA,NA,NA,NA,FALSE,6
Q5H9R7_C844,Q5H9R7,PPP6R3,NA,NA,NA,NA,NA,FALSE,6
Q5JPI3_C308,Q5JPI3,C3orf38,NA,NA,NA,NA,NA,FALSE,6
Q5JRA6_C1408,Q5JRA6,MIA3,NA,NA,NA,NA,NA,FALSE,6
Q5R372_C248,Q5R372,RABGAP1L,NA,NA,NA,NA,NA,FALSE,6
Q5T3I0_C152,Q5T3I0,GPATCH4,NA,NA,NA,NA,NA,FALSE,6
Q5T440_C170,Q5T440,IBA57,NA,NA,NA,NA,NA,FALSE,6
Q5T6F2_C104,Q5T6F2,UBAP2,NA,NA,NA,NA,NA,FALSE,6
Q5T6F2_C208,Q5T6F2,UBAP2,NA,NA,NA,NA,NA,FALSE,6
Q5TC12_C321,Q5TC12,ATPAF1,NA,NA,NA,NA,NA,FALSE,6
Q5TDH0_C361,Q5TDH0,DDI2,NA,NA,NA,NA,NA,FALSE,6
Q5TFE4_C119,Q5TFE4,NT5DC1,NA,NA,NA,NA,NA,FALSE,6
Q5TFE4_C179,Q5TFE4,NT5DC1,NA,NA,NA,NA,NA,FALSE,6
Q5TGZ0_C13,Q5TGZ0,MICOS10,NA,NA,NA,NA,NA,FALSE,6
Q5VSL9_C769,Q5VSL9,STRIP1,NA,NA,NA,NA,NA,FALSE,6
Q5VT52_C222,Q5VT52,RPRD2,NA,NA,NA,NA,NA,FALSE,6
Q5VYK3_C1257,Q5VYK3,ECPAS,NA,NA,NA,NA,NA,FALSE,6
Q5VYK3_C1503,Q5VYK3,ECPAS,NA,NA,NA,NA,NA,FALSE,5
Q63HQ0_C188,Q63HQ0,AP1AR,NA,NA,NA,NA,NA,FALSE,6
Q6EEV4_C28,Q6EEV4,POLR2M,NA,NA,NA,NA,NA,FALSE,6
Q6FI81_C274,Q6FI81,CIAPIN1,NA,NA,NA,NA,NA,FALSE,6
Q6IPU0_C147,Q6IPU0,CENPP,NA,NA,NA,NA,NA,FALSE,6
Q6L8Q7_C108,Q6L8Q7,PDE12,NA,NA,NA,NA,NA,FALSE,6
Q6NXE6_C435,Q6NXE6,ARMC6,NA,NA,NA,NA,NA,FALSE,6
Q6NZY4_C559,Q6NZY4,ZCCHC8,NA,NA,NA,NA,NA,FALSE,6
Q6NZY4_C633,Q6NZY4,ZCCHC8,NA,NA,NA,NA,NA,FALSE,6
Q6P087_C147,Q6P087,RPUSD3,NA,NA,NA,NA,NA,FALSE,6
Q6P1K2_C64,Q6P1K2,PMF1,NA,NA,NA,NA,NA,FALSE,6
Q6PID6_C55,Q6PID6,TTC33,NA,NA,NA,NA,NA,FALSE,6
Q6PJG6_C487,Q6PJG6,BRAT1,NA,NA,NA,NA,NA,FALSE,6
Q6PL24_C161,Q6PL24,TMED8,NA,NA,NA,NA,NA,FALSE,6
Q6QNY0_C168,Q6QNY0,BLOC1S3,NA,NA,NA,NA,NA,FALSE,6
Q6UB35_C198,Q6UB35,MTHFD1L,NA,NA,NA,NA,NA,FALSE,6
Q6UB35_C906,Q6UB35,MTHFD1L,NA,NA,NA,NA,NA,FALSE,6
Q6UUV9_C131,Q6UUV9,CRTC1,NA,NA,NA,NA,NA,FALSE,6
Q6VMQ6_C612,Q6VMQ6,ATF7IP,NA,NA,NA,NA,NA,FALSE,6
Q6Y7W6_C938,Q6Y7W6,GIGYF2,NA,NA,NA,NA,NA,FALSE,6
Q6YN16_C166,Q6YN16,HSDL2,NA,NA,NA,NA,NA,FALSE,6
Q6ZN17_C187,Q6ZN17,LIN28B,NA,NA,NA,NA,NA,FALSE,6
Q6ZWJ1_C165,Q6ZWJ1,STXBP4,NA,NA,NA,NA,NA,FALSE,6
Q7L0Y3_C78,Q7L0Y3,TRMT10C,NA,NA,NA,NA,NA,FALSE,6
Q7L266_C115,Q7L266,ASRGL1,NA,NA,NA,NA,NA,FALSE,6
Q7L266_C97,Q7L266,ASRGL1,NA,NA,NA,NA,NA,FALSE,6
Q7L4I2_C382,Q7L4I2,RSRC2,NA,NA,NA,NA,NA,FALSE,6
Q7L5N1_C283,Q7L5N1,COPS6,NA,NA,NA,NA,NA,FALSE,6
Q7LBC6_C1357,Q7LBC6,KDM3B,NA,NA,NA,NA,NA,FALSE,6
Q7LBC6_C509,Q7LBC6,KDM3B,NA,NA,NA,NA,NA,FALSE,6
Q7LBC6_C569,Q7LBC6,KDM3B,NA,NA,NA,NA,NA,FALSE,6
Q7RTV0_C49,Q7RTV0,PHF5A,NA,NA,NA,NA,NA,FALSE,6
Q7Z2K6_C43,Q7Z2K6,ERMP1,NA,NA,NA,NA,NA,FALSE,6
Q7Z2T5_C239,Q7Z2T5,TRMT1L,NA,NA,NA,NA,NA,FALSE,6
Q7Z2T5_C320,Q7Z2T5,TRMT1L,NA,NA,NA,NA,NA,FALSE,6
Q7Z2T5_C656,Q7Z2T5,TRMT1L,NA,NA,NA,NA,NA,FALSE,6
Q7Z434_C283,Q7Z434,MAVS,NA,NA,NA,NA,NA,FALSE,6
Q7Z4Q2_C20,Q7Z4Q2,HEATR3,NA,NA,NA,NA,NA,FALSE,6
Q7Z4Q2_C57,Q7Z4Q2,HEATR3,NA,NA,NA,NA,NA,FALSE,6
Q7Z5K2_C1170,Q7Z5K2,WAPL,NA,NA,NA,NA,NA,FALSE,6
Q7Z5K2_C160,Q7Z5K2,WAPL,NA,NA,NA,NA,NA,FALSE,6
Q7Z5K2_C94,Q7Z5K2,WAPL,NA,NA,NA,NA,NA,FALSE,6
Q7Z6Z7_C2721,Q7Z6Z7,HUWE1,NA,NA,NA,NA,NA,FALSE,6
Q86SX6_C67,Q86SX6,GLRX5,NA,NA,NA,NA,NA,FALSE,6
Q86UP2_C1105,Q86UP2,KTN1,NA,NA,NA,NA,NA,FALSE,6
Q86VP6_C413,Q86VP6,CAND1,NA,NA,NA,NA,NA,FALSE,6
Q86VP6_C571,Q86VP6,CAND1,NA,NA,NA,NA,NA,FALSE,6
Q86X76_C203,Q86X76,NIT1,NA,NA,NA,NA,NA,FALSE,6
Q86XN7_C518,Q86XN7,PROSER1,NA,NA,NA,NA,NA,FALSE,6
Q86Y37_C362,Q86Y37,CACUL1,NA,NA,NA,NA,NA,FALSE,6
Q86Y37_C94,Q86Y37,CACUL1,NA,NA,NA,NA,NA,FALSE,6
Q86Y56_C275,Q86Y56,DNAAF5,NA,NA,NA,NA,NA,FALSE,6
Q86YR5_C670,Q86YR5,GPSM1,NA,NA,NA,NA,NA,FALSE,6
Q86YS7_C867,Q86YS7,C2CD5,NA,NA,NA,NA,NA,FALSE,6
Q8IUF8_C19,Q8IUF8,RIOX2,NA,NA,NA,NA,NA,FALSE,6
Q8IVH2_C223,Q8IVH2,FOXP4,NA,NA,NA,NA,NA,FALSE,6
Q8IW35_C484,Q8IW35,CEP97,NA,NA,NA,NA,NA,FALSE,6
Q8IWX8_C69,Q8IWX8,CHERP,NA,NA,NA,NA,NA,FALSE,6
Q8IX90_C290,Q8IX90,SKA3,NA,NA,NA,NA,NA,FALSE,6
Q8IXH7_C195,Q8IXH7,NELFCD,NA,NA,NA,NA,NA,FALSE,6
Q8IXL7_C158,Q8IXL7,MSRB3,NA,NA,NA,NA,NA,FALSE,6
Q8IZ69_C463,Q8IZ69,TRMT2A,NA,NA,NA,NA,NA,FALSE,6
Q8IZ69_C538,Q8IZ69,TRMT2A,NA,NA,NA,NA,NA,FALSE,6
Q8IZ73_C246,Q8IZ73,RPUSD2,NA,NA,NA,NA,NA,FALSE,6
Q8IZL8_C645,Q8IZL8,PELP1,NA,NA,NA,NA,NA,FALSE,6
Q8IZL8_C71,Q8IZL8,PELP1,NA,NA,NA,NA,NA,FALSE,6
Q8N0U8_C50,Q8N0U8,VKORC1L1,NA,NA,NA,NA,NA,FALSE,6
Q8N0V3_C315,Q8N0V3,RBFA,NA,NA,NA,NA,NA,FALSE,6
Q8N0X7_C405,Q8N0X7,SPART,NA,NA,NA,NA,NA,FALSE,6
Q8N0X7_C499,Q8N0X7,SPART,NA,NA,NA,NA,NA,FALSE,6
Q8N0X7_C558,Q8N0X7,SPART,NA,NA,NA,NA,NA,FALSE,6
Q8N0Z6_C439,Q8N0Z6,TTC5,NA,NA,NA,NA,NA,FALSE,6
Q8N128_C114,Q8N128,FAM177A1,NA,NA,NA,NA,NA,FALSE,6
Q8N196_C207,Q8N196,SIX5,NA,NA,NA,NA,NA,FALSE,6
Q8N1F7_C522,Q8N1F7,NUP93,NA,NA,NA,NA,NA,FALSE,6
Q8N300_C58,Q8N300,SVBP,NA,NA,NA,NA,NA,FALSE,6
Q8N3X1_C673,Q8N3X1,FNBP4,NA,NA,NA,NA,NA,FALSE,6
Q8N511_C124,Q8N511,TMEM199,NA,NA,NA,NA,NA,FALSE,6
Q8N5K1_C110,Q8N5K1,CISD2,NA,NA,NA,NA,NA,FALSE,6
Q8N6N7_C45,Q8N6N7,ACBD7,NA,NA,NA,NA,NA,FALSE,6
Q8N6T3_C351,Q8N6T3,ARFGAP1,NA,NA,NA,NA,NA,FALSE,6
Q8N806_C260,Q8N806,UBR7,NA,NA,NA,NA,NA,FALSE,6
Q8N806_C35,Q8N806,UBR7,NA,NA,NA,NA,NA,FALSE,6
Q8N954_C95,Q8N954,GPATCH11,NA,NA,NA,NA,NA,FALSE,6
Q8N9T8_C667,Q8N9T8,KRI1,NA,NA,NA,NA,NA,FALSE,6
Q8NB37_C154,Q8NB37,GATD1,NA,NA,NA,NA,NA,FALSE,6
Q8NBF2_C716,Q8NBF2,NHLRC2,NA,NA,NA,NA,NA,FALSE,6
Q8NBU5_C359,Q8NBU5,ATAD1,NA,NA,NA,NA,NA,FALSE,6
Q8ND56_C85,Q8ND56,LSM14A,NA,NA,NA,NA,NA,FALSE,6
Q8NFC6_C74,Q8NFC6,BOD1L1,NA,NA,NA,NA,NA,FALSE,6
Q8TAF3_C342,Q8TAF3,WDR48,NA,NA,NA,NA,NA,FALSE,6
Q8TCG1_C337,Q8TCG1,CIP2A,NA,NA,NA,NA,NA,FALSE,6
Q8TCG1_C615,Q8TCG1,CIP2A,NA,NA,NA,NA,NA,FALSE,6
Q8TCZ2_C236,Q8TCZ2,CD99L2,NA,NA,NA,NA,NA,FALSE,6
Q8TDB4_C139,Q8TDB4,MGARP,NA,NA,NA,NA,NA,FALSE,6
Q8TEX9_C708,Q8TEX9,IPO4,NA,NA,NA,NA,NA,FALSE,6
Q8TEX9_C870,Q8TEX9,IPO4,NA,NA,NA,NA,NA,FALSE,6
Q8WU79_C196,Q8WU79,SMAP2,NA,NA,NA,NA,NA,FALSE,6
Q8WUM4_C512,Q8WUM4,PDCD6IP,NA,NA,NA,NA,NA,FALSE,6
Q8WUM4_C90,Q8WUM4,PDCD6IP,NA,NA,NA,NA,NA,FALSE,6
Q8WUZ0_C211,Q8WUZ0,BCL7C,NA,NA,NA,NA,NA,FALSE,6
Q8WVC0_C512,Q8WVC0,LEO1,NA,NA,NA,NA,NA,FALSE,6
Q8WW33_C51,Q8WW33,GTSF1,NA,NA,NA,NA,NA,FALSE,6
Q8WWM7_C58,Q8WWM7,ATXN2L,NA,NA,NA,NA,NA,FALSE,6
Q8WXX5_C150,Q8WXX5,DNAJC9,NA,NA,NA,NA,NA,FALSE,6
Q8WZA9_C152,Q8WZA9,IRGQ,NA,NA,NA,NA,NA,FALSE,6
Q92564_C219,Q92564,DCUN1D4,NA,NA,NA,NA,NA,FALSE,6
Q92567_C75,Q92567,FAM168A,NA,NA,NA,NA,NA,FALSE,6
Q92575_C144,Q92575,UBXN4,NA,NA,NA,NA,NA,FALSE,6
Q92598_C658,Q92598,HSPH1,NA,NA,NA,NA,NA,FALSE,6
Q92615_C679,Q92615,LARP4B,NA,NA,NA,NA,NA,FALSE,6
Q92616_C1781,Q92616,GCN1,NA,NA,NA,NA,NA,FALSE,6
Q92616_C648,Q92616,GCN1,NA,NA,NA,NA,NA,FALSE,6
Q92692_C446,Q92692,NECTIN2,NA,NA,NA,NA,NA,FALSE,6
Q92841_C584,Q92841,DDX17,NA,NA,NA,NA,NA,FALSE,6
Q92917_C137,Q92917,GPKOW,NA,NA,NA,NA,NA,FALSE,6
Q92922_C761,Q92922,SMARCC1,NA,NA,NA,NA,NA,FALSE,6
Q92945_C176,Q92945,KHSRP,NA,NA,NA,NA,NA,FALSE,6
Q92945_C436,Q92945,KHSRP,NA,NA,NA,NA,NA,FALSE,6
Q92973_C103,Q92973,TNPO1,NA,NA,NA,NA,NA,FALSE,6
Q92973_C285,Q92973,TNPO1,NA,NA,NA,NA,NA,FALSE,3
Q92973_C467,Q92973,TNPO1,NA,NA,NA,NA,NA,FALSE,6
Q93009_C315,Q93009,USP7,NA,NA,NA,NA,NA,FALSE,6
Q969E8_C114,Q969E8,TSR2,NA,NA,NA,NA,NA,FALSE,6
Q969T9_C80,Q969T9,WBP2,NA,NA,NA,NA,NA,FALSE,6
Q96A49_C283,Q96A49,SYAP1,NA,NA,NA,NA,NA,FALSE,6
Q96AD5_C412,Q96AD5,PNPLA2,NA,NA,NA,NA,NA,FALSE,6
Q96B23_C57,Q96B23,C18orf25,NA,NA,NA,NA,NA,FALSE,6
Q96B36_C44,Q96B36,AKT1S1,NA,NA,NA,NA,NA,FALSE,6
Q96BR5_C24,Q96BR5,COA7,NA,NA,NA,NA,NA,FALSE,6
Q96BS2_C213,Q96BS2,TESC,NA,NA,NA,NA,NA,FALSE,6
Q96C19_C172,Q96C19,EFHD2,NA,NA,NA,NA,NA,FALSE,6
Q96C19_C53,Q96C19,EFHD2,NA,NA,NA,NA,NA,FALSE,6
Q96C36_C225,Q96C36,PYCR2,NA,NA,NA,NA,NA,FALSE,6
Q96C36_C262,Q96C36,PYCR2,NA,NA,NA,NA,NA,FALSE,6
Q96CP2_C132,Q96CP2,FLYWCH2,NA,NA,NA,NA,NA,FALSE,6
Q96DT7_C248,Q96DT7,ZBTB10,NA,NA,NA,NA,NA,FALSE,6
Q96E09_C156,Q96E09,FAM122A,NA,NA,NA,NA,NA,FALSE,6
Q96E09_C193,Q96E09,FAM122A,NA,NA,NA,NA,NA,FALSE,6
Q96E09_C206,Q96E09,FAM122A,NA,NA,NA,NA,NA,FALSE,6
Q96EB1_C218,Q96EB1,ELP4,NA,NA,NA,NA,NA,FALSE,6
Q96EI5_C34,Q96EI5,TCEAL4,NA,NA,NA,NA,NA,FALSE,6
Q96EP5_C85,Q96EP5,DAZAP1,NA,NA,NA,NA,NA,FALSE,6
Q96EQ0_C67,Q96EQ0,SGTB,NA,NA,NA,NA,NA,FALSE,6
Q96ER3_C25,Q96ER3,SAAL1,NA,NA,NA,NA,NA,FALSE,6
Q96ER3_C366,Q96ER3,SAAL1,NA,NA,NA,NA,NA,FALSE,6
Q96EY5_C231,Q96EY5,MVB12A,NA,NA,NA,NA,NA,FALSE,6
Q96EY5_C33,Q96EY5,MVB12A,NA,NA,NA,NA,NA,FALSE,6
Q96EY7_C139,Q96EY7,PTCD3,NA,NA,NA,NA,NA,FALSE,6
Q96EY8_C132,Q96EY8,MMAB,NA,NA,NA,NA,NA,FALSE,6
Q96F24_C155,Q96F24,NRBF2,NA,NA,NA,NA,NA,FALSE,6
Q96F45_C286,Q96F45,ZNF503,NA,NA,NA,NA,NA,FALSE,6
Q96F86_C137,Q96F86,EDC3,NA,NA,NA,NA,NA,FALSE,6
Q96FW1_C212,Q96FW1,OTUB1,NA,NA,NA,NA,NA,FALSE,6
Q96FX7_C209,Q96FX7,TRMT61A,NA,NA,NA,NA,NA,FALSE,6
Q96FZ5_C12,Q96FZ5,CMTM7,NA,NA,NA,NA,NA,FALSE,6
Q96G25_C31,Q96G25,MED8,NA,NA,NA,NA,NA,FALSE,6
Q96G74_C519,Q96G74,OTUD5,NA,NA,NA,NA,NA,FALSE,6
Q96GX2_C70,Q96GX2,ATXN7L3B,NA,NA,NA,NA,NA,FALSE,6
Q96HE7_C241,Q96HE7,ERO1A,NA,NA,NA,NA,NA,FALSE,6
Q96HR3_C99,Q96HR3,MED30,NA,NA,NA,NA,NA,FALSE,6
Q96I15_C22,Q96I15,SCLY,NA,NA,NA,NA,NA,FALSE,6
Q96I99_C162,Q96I99,SUCLG2,NA,NA,NA,NA,NA,FALSE,6
Q96IJ6_C389,Q96IJ6,GMPPA,NA,NA,NA,NA,NA,FALSE,6
Q96IZ0_C173,Q96IZ0,PAWR,NA,NA,NA,NA,NA,FALSE,6
Q96JB2_C349,Q96JB2,COG3,NA,NA,NA,NA,NA,FALSE,6
Q96KB5_C70,Q96KB5,PBK,NA,NA,NA,NA,NA,FALSE,6
Q96N21_C479,Q96N21,TEPSIN,NA,NA,NA,NA,NA,FALSE,6
Q96P16_C151,Q96P16,RPRD1A,NA,NA,NA,NA,NA,FALSE,6
Q96P70_C864,Q96P70,IPO9,NA,NA,NA,NA,NA,FALSE,6
Q96PU8_C35,Q96PU8,QKI,NA,NA,NA,NA,NA,FALSE,6
Q96RN5_C618,Q96RN5,MED15,NA,NA,NA,NA,NA,FALSE,6
Q96RN5_C660,Q96RN5,MED15,NA,NA,NA,NA,NA,FALSE,6
Q96ST2_C749,Q96ST2,IWS1,NA,NA,NA,NA,NA,FALSE,6
Q96SW2_C219,Q96SW2,CRBN,NA,NA,NA,NA,NA,FALSE,6
Q96SZ5_C18,Q96SZ5,ADO,NA,NA,NA,NA,NA,FALSE,6
Q99439_C175,Q99439,CNN2,NA,NA,NA,NA,NA,FALSE,6
Q99460_C806,Q99460,PSMD1,NA,NA,NA,NA,NA,FALSE,6
Q99538_C219,Q99538,LGMN,NA,NA,NA,NA,NA,FALSE,6
Q99576_C112,Q99576,TSC22D3,NA,NA,NA,NA,NA,FALSE,6
Q99614_C62,Q99614,TTC1,NA,NA,NA,NA,NA,FALSE,6
Q99622_C44,Q99622,C12orf57,NA,NA,NA,NA,NA,FALSE,6
Q99622_C73,Q99622,C12orf57,NA,NA,NA,NA,NA,FALSE,6
Q99707_C812,Q99707,MTR,NA,NA,NA,NA,NA,FALSE,6
Q99832_C29,Q99832,CCT7,NA,NA,NA,NA,NA,FALSE,6
Q99832_C450,Q99832,CCT7,NA,NA,NA,NA,NA,FALSE,6
Q99961_C277,Q99961,SH3GL1,NA,NA,NA,NA,NA,FALSE,6
Q99986_C50,Q99986,VRK1,NA,NA,NA,NA,NA,FALSE,6
Q9BQ69_C186,Q9BQ69,MACROD1,NA,NA,NA,NA,NA,FALSE,6
Q9BQA1_C65,Q9BQA1,WDR77,NA,NA,NA,NA,NA,FALSE,6
Q9BQE4_C174,Q9BQE4,SELENOS,NA,NA,NA,NA,NA,FALSE,6
Q9BR61_C267,Q9BR61,ACBD6,NA,NA,NA,NA,NA,FALSE,6
Q9BRR6_C40,Q9BRR6,ADPGK,NA,NA,NA,NA,NA,FALSE,6
Q9BRT2_C53,Q9BRT2,UQCC2,NA,NA,NA,NA,NA,FALSE,6
Q9BRX2_C258,Q9BRX2,PELO,NA,NA,NA,NA,NA,FALSE,6
Q9BRX5_C188,Q9BRX5,GINS3,NA,NA,NA,NA,NA,FALSE,6
Q9BS16_C38,Q9BS16,CENPK,NA,NA,NA,NA,NA,FALSE,6
Q9BS16_C66,Q9BS16,CENPK,NA,NA,NA,NA,NA,FALSE,6
Q9BSD7_C101,Q9BSD7,NTPCR,NA,NA,NA,NA,NA,FALSE,6
Q9BSJ2_C469,Q9BSJ2,TUBGCP2,NA,NA,NA,NA,NA,FALSE,6
Q9BTE3_C200,Q9BTE3,MCMBP,NA,NA,NA,NA,NA,FALSE,6
Q9BTE3_C325,Q9BTE3,MCMBP,NA,NA,NA,NA,NA,FALSE,6
Q9BTY7_C138,Q9BTY7,HGH1,NA,NA,NA,NA,NA,FALSE,6
Q9BUH6_C180,Q9BUH6,PAXX,NA,NA,NA,NA,NA,FALSE,6
Q9BVA0_C344,Q9BVA0,KATNB1,NA,NA,NA,NA,NA,FALSE,6
Q9BWG4_C81,Q9BWG4,SSBP4,NA,NA,NA,NA,NA,FALSE,6
Q9BWJ5_C76,Q9BWJ5,SF3B5,NA,NA,NA,NA,NA,FALSE,6
Q9BWU0_C723,Q9BWU0,SLC4A1AP,NA,NA,NA,NA,NA,FALSE,6
Q9BWU0_C730,Q9BWU0,SLC4A1AP,NA,NA,NA,NA,NA,FALSE,6
Q9BWU0_C774,Q9BWU0,SLC4A1AP,NA,NA,NA,NA,NA,FALSE,6
Q9BX40_C310,Q9BX40,LSM14B,NA,NA,NA,NA,NA,FALSE,6
Q9BXB4_C34,Q9BXB4,OSBPL11,NA,NA,NA,NA,NA,FALSE,6
Q9BXJ9_C721,Q9BXJ9,NAA15,NA,NA,NA,NA,NA,FALSE,6
Q9BXW9_C729,Q9BXW9,FANCD2,NA,NA,NA,NA,NA,FALSE,6
Q9BY32_C146,Q9BY32,ITPA,NA,NA,NA,NA,NA,FALSE,6
Q9BY49_C191,Q9BY49,PECR,NA,NA,NA,NA,NA,FALSE,6
Q9BYX7_C265,Q9BYX7,POTEKP,NA,NA,NA,NA,NA,FALSE,6
Q9BZD4_C285,Q9BZD4,NUF2,NA,NA,NA,NA,NA,FALSE,6
Q9BZX2_C241,Q9BZX2,UCK2,NA,NA,NA,NA,NA,FALSE,6
Q9C0B1_C171,Q9C0B1,FTO,NA,NA,NA,NA,NA,FALSE,6
Q9C0C2_C716,Q9C0C2,TNKS1BP1,NA,NA,NA,NA,NA,FALSE,6
Q9C0C9_C182,Q9C0C9,UBE2O,NA,NA,NA,NA,NA,FALSE,6
Q9C0C9_C314,Q9C0C9,UBE2O,NA,NA,NA,NA,NA,FALSE,6
Q9C0C9_C400,Q9C0C9,UBE2O,NA,NA,NA,NA,NA,FALSE,6
Q9C0C9_C406,Q9C0C9,UBE2O,NA,NA,NA,NA,NA,FALSE,6
Q9C0C9_C910,Q9C0C9,UBE2O,NA,NA,NA,NA,NA,FALSE,6
Q9GZT9_C201,Q9GZT9,EGLN1,NA,NA,NA,NA,NA,FALSE,6
Q9H0L4_C150,Q9H0L4,CSTF2T,NA,NA,NA,NA,NA,FALSE,6
Q9H0L4_C222,Q9H0L4,CSTF2T,NA,NA,NA,NA,NA,FALSE,6
Q9H1P3_C122,Q9H1P3,OSBPL2,NA,NA,NA,NA,NA,FALSE,6
Q9H204_C93,Q9H204,MED28,NA,NA,NA,NA,NA,FALSE,6
Q9H2G2_C1212,Q9H2G2,SLK,NA,NA,NA,NA,NA,FALSE,6
Q9H3K6_C31,Q9H3K6,BOLA2,NA,NA,NA,NA,NA,FALSE,6
Q9H3P7_C129,Q9H3P7,ACBD3,NA,NA,NA,NA,NA,FALSE,6
Q9H3U1_C426,Q9H3U1,UNC45A,NA,NA,NA,NA,NA,FALSE,6
Q9H3U1_C650,Q9H3U1,UNC45A,NA,NA,NA,NA,NA,FALSE,6
Q9H4I3_C217,Q9H4I3,TRABD,NA,NA,NA,NA,NA,FALSE,6
Q9H6T3_C519,Q9H6T3,RPAP3,NA,NA,NA,NA,NA,FALSE,6
Q9H6Z4_C203,Q9H6Z4,RANBP3,NA,NA,NA,NA,NA,FALSE,6
Q9H6Z4_C228,Q9H6Z4,RANBP3,NA,NA,NA,NA,NA,FALSE,6
Q9H6Z4_C249,Q9H6Z4,RANBP3,NA,NA,NA,NA,NA,FALSE,6
Q9H7Z7_C110,Q9H7Z7,PTGES2,NA,NA,NA,NA,NA,FALSE,6
Q9H814_C51,Q9H814,PHAX,NA,NA,NA,NA,NA,FALSE,6
Q9H814_C87,Q9H814,PHAX,NA,NA,NA,NA,NA,FALSE,6
Q9H845_C507,Q9H845,ACAD9,NA,NA,NA,NA,NA,FALSE,6
Q9H9A6_C264,Q9H9A6,LRRC40,NA,NA,NA,NA,NA,FALSE,6
Q9H9P8_C376,Q9H9P8,L2HGDH,NA,NA,NA,NA,NA,FALSE,6
Q9HAS0_C182,Q9HAS0,C17orf75,NA,NA,NA,NA,NA,FALSE,6
Q9HAV4_C1044,Q9HAV4,XPO5,NA,NA,NA,NA,NA,FALSE,6
Q9HAV4_C1131,Q9HAV4,XPO5,NA,NA,NA,NA,NA,FALSE,6
Q9HAV4_C714,Q9HAV4,XPO5,NA,NA,NA,NA,NA,FALSE,6
Q9HAV4_C941,Q9HAV4,XPO5,NA,NA,NA,NA,NA,FALSE,6
Q9HCC0_C216,Q9HCC0,MCCC2,NA,NA,NA,NA,NA,FALSE,6
Q9HCJ3_C362,Q9HCJ3,RAVER2,NA,NA,NA,NA,NA,FALSE,6
Q9HCJ3_C595,Q9HCJ3,RAVER2,NA,NA,NA,NA,NA,FALSE,6
Q9NPA3_C62,Q9NPA3,MID1IP1,NA,NA,NA,NA,NA,FALSE,6
Q9NQE9_C32,Q9NQE9,HINT3,NA,NA,NA,NA,NA,FALSE,6
Q9NQX3_C284,Q9NQX3,GPHN,NA,NA,NA,NA,NA,FALSE,6
Q9NQX3_C419,Q9NQX3,GPHN,NA,NA,NA,NA,NA,FALSE,6
Q9NQZ5_C302,Q9NQZ5,STARD7,NA,NA,NA,NA,NA,FALSE,6
Q9NR45_C287,Q9NR45,NANS,NA,NA,NA,NA,NA,FALSE,6
Q9NRF9_C51,Q9NRF9,POLE3,NA,NA,NA,NA,NA,FALSE,6
Q9NRR5_C29,Q9NRR5,UBQLN4,NA,NA,NA,NA,NA,FALSE,6
Q9NRW3_C130,Q9NRW3,APOBEC3C,NA,NA,NA,NA,NA,FALSE,6
Q9NRX1_C64,Q9NRX1,PNO1,NA,NA,NA,NA,NA,FALSE,6
Q9NRY5_C24,Q9NRY5,FAM114A2,NA,NA,NA,NA,NA,FALSE,6
Q9NS18_C77,Q9NS18,GLRX2,NA,NA,NA,NA,NA,FALSE,6
Q9NS86_C187,Q9NS86,LANCL2,NA,NA,NA,NA,NA,FALSE,6
Q9NTK5_C55,Q9NTK5,OLA1,NA,NA,NA,NA,NA,FALSE,6
Q9NTX5_C133,Q9NTX5,ECHDC1,NA,NA,NA,NA,NA,FALSE,6
Q9NUP1_C210,Q9NUP1,BLOC1S4,NA,NA,NA,NA,NA,FALSE,6
Q9NUQ3_C101,Q9NUQ3,TXLNG,NA,NA,NA,NA,NA,FALSE,6
Q9NUQ3_C46,Q9NUQ3,TXLNG,NA,NA,NA,NA,NA,FALSE,6
Q9NUQ3_C480,Q9NUQ3,TXLNG,NA,NA,NA,NA,NA,FALSE,6
Q9NV96_C17,Q9NV96,TMEM30A,NA,NA,NA,NA,NA,FALSE,6
Q9NVG8_C36,Q9NVG8,TBC1D13,NA,NA,NA,NA,NA,FALSE,6
Q9NVI1_C419,Q9NVI1,FANCI,NA,NA,NA,NA,NA,FALSE,6
Q9NVP2_C172,Q9NVP2,ASF1B,NA,NA,NA,NA,NA,FALSE,6
Q9NVP2_C189,Q9NVP2,ASF1B,NA,NA,NA,NA,NA,FALSE,6
Q9NVR5_C762,Q9NVR5,DNAAF2,NA,NA,NA,NA,NA,FALSE,6
Q9NW68_C49,Q9NW68,BSDC1,NA,NA,NA,NA,NA,FALSE,6
Q9NWA0_C139,Q9NWA0,MED9,NA,NA,NA,NA,NA,FALSE,6
Q9NX47_C188,Q9NX47,MARCHF5,NA,NA,NA,NA,NA,FALSE,6
Q9NX70_C170,Q9NX70,MED29,NA,NA,NA,NA,NA,FALSE,6
Q9NXR7_C34,Q9NXR7,BABAM2,NA,NA,NA,NA,NA,FALSE,6
Q9NXV6_C516,Q9NXV6,CDKN2AIP,NA,NA,NA,NA,NA,FALSE,6
Q9NYK5_C133,Q9NYK5,MRPL39,NA,NA,NA,NA,NA,FALSE,6
Q9NYL2_C22,Q9NYL2,MAP3K20,NA,NA,NA,NA,NA,FALSE,6
Q9NZ63_C145,Q9NZ63,C9orf78,NA,NA,NA,NA,NA,FALSE,6
Q9NZL4_C201,Q9NZL4,HSPBP1,NA,NA,NA,NA,NA,FALSE,6
Q9P000_C160,Q9P000,COMMD9,NA,NA,NA,NA,NA,FALSE,6
Q9P0W2_C177,Q9P0W2,HMG20B,NA,NA,NA,NA,NA,FALSE,6
Q9P1F3_C39,Q9P1F3,ABRACL,NA,NA,NA,NA,NA,FALSE,6
Q9P270_C165,Q9P270,SLAIN2,NA,NA,NA,NA,NA,FALSE,6
Q9P289_C410,Q9P289,STK26,NA,NA,NA,NA,NA,FALSE,6
Q9P2T1_C348,Q9P2T1,GMPR2,NA,NA,NA,NA,NA,FALSE,6
Q9P2X3_C195,Q9P2X3,IMPACT,NA,NA,NA,NA,NA,FALSE,6
Q9UBB4_C356,Q9UBB4,ATXN10,NA,NA,NA,NA,NA,FALSE,6
Q9UBB6_C98,Q9UBB6,NCDN,NA,NA,NA,NA,NA,FALSE,6
Q9UBQ5_C85,Q9UBQ5,EIF3K,NA,NA,NA,NA,NA,FALSE,6
Q9UBQ5_C87,Q9UBQ5,EIF3K,NA,NA,NA,NA,NA,FALSE,6
Q9UER7_C58,Q9UER7,DAXX,NA,NA,NA,NA,NA,FALSE,6
Q9UET6_C238,Q9UET6,FTSJ1,NA,NA,NA,NA,NA,FALSE,6
Q9UFW8_C92,Q9UFW8,CGGBP1,NA,NA,NA,NA,NA,FALSE,6
Q9UGP4_C305,Q9UGP4,LIMD1,NA,NA,NA,NA,NA,FALSE,6
Q9UGP4_C374,Q9UGP4,LIMD1,NA,NA,NA,NA,NA,FALSE,6
Q9UGP4_C431,Q9UGP4,LIMD1,NA,NA,NA,NA,NA,FALSE,6
Q9UGP8_C295,Q9UGP8,SEC63,NA,NA,NA,NA,NA,FALSE,6
Q9UGP8_C490,Q9UGP8,SEC63,NA,NA,NA,NA,NA,FALSE,6
Q9UGV2_C166,Q9UGV2,NDRG3,NA,NA,NA,NA,NA,FALSE,6
Q9UHB9_C562,Q9UHB9,SRP68,NA,NA,NA,NA,NA,FALSE,6
Q9UHI6_C577,Q9UHI6,DDX20,NA,NA,NA,NA,NA,FALSE,6
Q9UHQ1_C99,Q9UHQ1,NARF,NA,NA,NA,NA,NA,FALSE,6
Q9UHR5_C127,Q9UHR5,SAP30BP,NA,NA,NA,NA,NA,FALSE,6
Q9UHR6_C188,Q9UHR6,ZNHIT2,NA,NA,NA,NA,NA,FALSE,6
Q9UHR6_C57,Q9UHR6,ZNHIT2,NA,NA,NA,NA,NA,FALSE,6
Q9UI30_C33,Q9UI30,TRMT112,NA,NA,NA,NA,NA,FALSE,6
Q9UJC3_C698,Q9UJC3,HOOK1,NA,NA,NA,NA,NA,FALSE,6
Q9UJX3_C131,Q9UJX3,ANAPC7,NA,NA,NA,NA,NA,FALSE,6
Q9UJX3_C259,Q9UJX3,ANAPC7,NA,NA,NA,NA,NA,FALSE,6
Q9UJY4_C343,Q9UJY4,GGA2,NA,NA,NA,NA,NA,FALSE,6
Q9UJZ1_C167,Q9UJZ1,STOML2,NA,NA,NA,NA,NA,FALSE,6
Q9UKF6_C498,Q9UKF6,CPSF3,NA,NA,NA,NA,NA,FALSE,6
Q9UKV3_C691,Q9UKV3,ACIN1,NA,NA,NA,NA,NA,FALSE,6
Q9ULT8_C936,Q9ULT8,HECTD1,NA,NA,NA,NA,NA,FALSE,6
Q9ULV4_C420,Q9ULV4,CORO1C,NA,NA,NA,NA,NA,FALSE,6
Q9ULX6_C128,Q9ULX6,AKAP8L,NA,NA,NA,NA,NA,FALSE,6
Q9ULX6_C211,Q9ULX6,AKAP8L,NA,NA,NA,NA,NA,FALSE,6
Q9UNE7_C199,Q9UNE7,STUB1,NA,NA,NA,NA,NA,FALSE,6
Q9UNH7_C149,Q9UNH7,SNX6,NA,NA,NA,NA,NA,FALSE,6
Q9UPQ9_C557,Q9UPQ9,TNRC6B,NA,NA,NA,NA,NA,FALSE,6
Q9UPT9_C171,Q9UPT9,USP22,NA,NA,NA,NA,NA,FALSE,6
Q9UPT9_C44,Q9UPT9,USP22,NA,NA,NA,NA,NA,FALSE,6
Q9UQ35_C1029,Q9UQ35,SRRM2,NA,NA,NA,NA,NA,FALSE,6
Q9UQ35_C1036,Q9UQ35,SRRM2,NA,NA,NA,NA,NA,FALSE,6
Q9Y265_C141,Q9Y265,RUVBL1,NA,NA,NA,NA,NA,FALSE,6
Q9Y277_C65,Q9Y277,VDAC3,NA,NA,NA,NA,NA,FALSE,6
Q9Y2L1_C799,Q9Y2L1,DIS3,NA,NA,NA,NA,NA,FALSE,6
Q9Y2X3_C439,Q9Y2X3,NOP58,NA,NA,NA,NA,NA,FALSE,6
Q9Y2X7_C576,Q9Y2X7,GIT1,NA,NA,NA,NA,NA,FALSE,6
Q9Y314_C8,Q9Y314,NOSIP,NA,NA,NA,NA,NA,FALSE,6
Q9Y3D2_C169,Q9Y3D2,MSRB2,NA,NA,NA,NA,NA,FALSE,6
Q9Y3F4_C305,Q9Y3F4,STRAP,NA,NA,NA,NA,NA,FALSE,6
Q9Y3T9_C585,Q9Y3T9,NOC2L,NA,NA,NA,NA,NA,FALSE,6
Q9Y448_C296,Q9Y448,KNSTRN,NA,NA,NA,NA,NA,FALSE,6
Q9Y4W2_C140,Q9Y4W2,LAS1L,NA,NA,NA,NA,NA,FALSE,6
Q9Y508_C8,Q9Y508,RNF114,NA,NA,NA,NA,NA,FALSE,6
Q9Y520_C177,Q9Y520,PRRC2C,NA,NA,NA,NA,NA,FALSE,6
Q9Y520_C2860,Q9Y520,PRRC2C,NA,NA,NA,NA,NA,FALSE,6
Q9Y520_C620,Q9Y520,PRRC2C,NA,NA,NA,NA,NA,FALSE,6
Q9Y570_C238,Q9Y570,PPME1,NA,NA,NA,NA,NA,FALSE,6
Q9Y570_C347,Q9Y570,PPME1,NA,NA,NA,NA,NA,FALSE,6
Q9Y5A9_C482,Q9Y5A9,YTHDF2,NA,NA,NA,NA,NA,FALSE,6
Q9Y5L0_C793,Q9Y5L0,TNPO3,NA,NA,NA,NA,NA,FALSE,6
Q9Y5Y2_C269,Q9Y5Y2,NUBP2,NA,NA,NA,NA,NA,FALSE,6
Q9Y676_C128,Q9Y676,MRPS18B,NA,NA,NA,NA,NA,FALSE,6
Q9Y6A5_C20,Q9Y6A5,TACC3,NA,NA,NA,NA,NA,FALSE,6
Q9Y6H1_C124,Q9Y6H1,CHCHD2,NA,NA,NA,NA,NA,FALSE,6
Q9Y6H1_C134,Q9Y6H1,CHCHD2,NA,NA,NA,NA,NA,FALSE,6